i,j,A,B,overlap,refine_candidates,DVtotal_coarse_nd,DVtotal_refined_nd,DVturn1_coarse_nd,DVpatch_coarse_nd,DVturn2_coarse_nd,DVturn1_refined_nd,DVpatch_refined_nd,DVturn2_refined_nd,TOF_coarse_nd,TOF_refined_nd,runtime_s
1,2,Lyapunov L1,Lyapunov L2,25219,100,NaN,0.003091792218146,NaN,NaN,NaN,0.00057768086662448,0.00179587784077103,0.000718233510750494,NaN,6.26591257321239,93.433851
1,3,Lyapunov L1,Cycler 21,94428,100,NaN,0.00444257076739612,NaN,NaN,NaN,0.000420177619715433,0.00392518573128653,9.72074163941545e-05,NaN,4.2239136629182,153.442738
1,4,Lyapunov L1,Cycler 11a,86862,100,NaN,0.00684836473274612,NaN,NaN,NaN,0.000892002033200132,0.00580317508020213,0.000153187619343857,NaN,4.63668647141694,128.202436
1,5,Lyapunov L1,Cycler 11b,83342,100,NaN,0.00332751721751433,NaN,NaN,NaN,1.20333709864899e-05,0.00150373072241076,0.00181175312411708,NaN,4.72898756570959,135.420787
1,6,Lyapunov L1,Cycler 32,84364,100,NaN,0.0101500586398513,NaN,NaN,NaN,0.000255541665174639,0.00878885226640993,0.00110566470826677,NaN,5.0767886764973,166.581747
1,7,Lyapunov L1,Resonant 2to1 Stable,0,NaN,NaN,NaN,NaN,NaN,NaN,NaN,NaN,NaN,NaN,NaN,7.89847
1,8,Lyapunov L1,Resonant 2to1 Unstable,78771,100,NaN,0.00529736269881419,NaN,NaN,NaN,0.000212442874681805,0.00452477257248293,0.000560147251649456,NaN,4.88215865641971,126.083107
1,9,Lyapunov L1,Resonant 3to1 Stable,5282,100,NaN,0.16911778667923,NaN,NaN,NaN,0.00635276340753352,0.00679873718068151,0.155966286091015,NaN,6.20737822086616,121.687015
1,10,Lyapunov L1,Resonant 3to1 Unstable,22988,100,NaN,0.0715929314174809,NaN,NaN,NaN,0.000579276762275758,0.0266308739448972,0.044382780710308,NaN,5.24673046335869,89.411532
1,11,Lyapunov L1,Resonant 5to2 Stable,43873,100,NaN,0.0615407157533439,NaN,NaN,NaN,0.00976539113894321,0.0105841759844207,0.04119114862998,NaN,6.16585444386656,133.359566
1,12,Lyapunov L1,Resonant 5to2 Unstable,68724,100,NaN,0.0238006624948259,NaN,NaN,NaN,0.000836173269355228,0.0209837065371596,0.00198078268831109,NaN,4.86008781603867,168.095699
1,13,Lyapunov L1,Distant Prograde Orbit,19989,100,NaN,0.00420874692060805,NaN,NaN,NaN,0.00163054509105651,0.00205545016716795,0.000522751662383589,NaN,4.44517563083483,88.695917
2,3,Lyapunov L2,Cycler 21,58218,100,NaN,0.00297436600944924,NaN,NaN,NaN,0.000537519114663559,0.00127007870491528,0.00116676818987041,NaN,5.57165440499465,136.618073
2,4,Lyapunov L2,Cycler 11a,60392,100,NaN,0.00579440836904213,NaN,NaN,NaN,0.000476461726716433,0.0035189090206975,0.00179903762162819,NaN,5.65520954829369,136.720878
2,5,Lyapunov L2,Cycler 11b,53772,100,NaN,0.00375761344622213,NaN,NaN,NaN,0.00232748457089966,0.000861270732028309,0.000568858143294158,NaN,4.61315204562385,126.575262
2,6,Lyapunov L2,Cycler 32,60880,100,NaN,0.00655290142837439,NaN,NaN,NaN,0.000335659660215291,0.00454747775104252,0.00166976401711657,NaN,5.83273018775836,149.1944
2,7,Lyapunov L2,Resonant 2to1 Stable,0,NaN,NaN,NaN,NaN,NaN,NaN,NaN,NaN,NaN,NaN,NaN,7.099525
2,8,Lyapunov L2,Resonant 2to1 Unstable,51778,100,NaN,0.0139443401773913,NaN,NaN,NaN,0.000834129538120068,0.00734106543473319,0.00576914520453804,NaN,5.7026687434095,144.505106
2,9,Lyapunov L2,Resonant 3to1 Stable,1410,55,NaN,0.233854499678347,NaN,NaN,NaN,0.0497253834436054,0.0213807794264362,0.162748336808306,NaN,6.26840419701395,81.794887
2,10,Lyapunov L2,Resonant 3to1 Unstable,8601,100,NaN,0.158892753167173,NaN,NaN,NaN,0.0166657638492906,0.00502470396974084,0.137202285348142,NaN,4.78687343565797,94.358414
2,11,Lyapunov L2,Resonant 5to2 Stable,21381,100,NaN,0.096435413042114,NaN,NaN,NaN,0.00266752658774468,0.00481234075657998,0.0889555456977893,NaN,6.07696755345941,119.577755
2,12,Lyapunov L2,Resonant 5to2 Unstable,42908,100,NaN,0.013860851448897,NaN,NaN,NaN,0.00395878028377109,0.00156268239523244,0.00833938876989348,NaN,5.39790215701962,115.10005
2,13,Lyapunov L2,Distant Prograde Orbit,29562,100,NaN,0.00565413388567905,NaN,NaN,NaN,0.000804635556889245,0.00402354030983835,0.000825958018951455,NaN,5.25363710738499,104.286245
3,4,Cycler 21,Cycler 11a,261817,100,NaN,0.000835303608302836,NaN,NaN,NaN,0.000129585984176794,0.000699592417389565,6.1252067364764e-06,NaN,2.07579709330842,190.265
3,5,Cycler 21,Cycler 11b,438731,100,NaN,0.00116689773887608,NaN,NaN,NaN,0.000100371318057469,0.00105643713992631,1.00892808923042e-05,NaN,4.36632103004064,253.453861
3,6,Cycler 21,Cycler 32,213293,100,NaN,0.00191193462363758,NaN,NaN,NaN,4.80116437141967e-05,0.00180106478774874,6.28581921746488e-05,NaN,5.71488913758236,201.568835
3,7,Cycler 21,Resonant 2to1 Stable,19882,100,NaN,0.324654761079452,NaN,NaN,NaN,0.119043176721598,0.00918021976612258,0.196431364591731,NaN,3.4834320842233,171.006982
3,8,Cycler 21,Resonant 2to1 Unstable,235449,100,NaN,0.00937314925645434,NaN,NaN,NaN,7.93490362463383e-06,0.00379256588750389,0.00557264846532581,NaN,4.12062651649859,185.479535
3,9,Cycler 21,Resonant 3to1 Stable,7440,100,NaN,0.173916488593296,NaN,NaN,NaN,0.0135155747848145,0.00985904975602977,0.150541864052452,NaN,6.22294696062348,127.788652
3,10,Cycler 21,Resonant 3to1 Unstable,55834,100,NaN,0.0728856195482319,NaN,NaN,NaN,0.00910655561314183,0.0273533860939005,0.0364256778411895,NaN,4.41563309840485,124.393113
3,11,Cycler 21,Resonant 5to2 Stable,164679,100,NaN,0.0586689192155369,NaN,NaN,NaN,0.0196407950336645,0.00188006059825577,0.0371480635836166,NaN,6.16841363969132,178.099369
3,12,Cycler 21,Resonant 5to2 Unstable,164026,100,NaN,0.0262224343926142,NaN,NaN,NaN,0.0136056995605394,0.0037039299319113,0.00891280490016359,NaN,4.81328855967678,216.260477
3,13,Cycler 21,Distant Prograde Orbit,67049,100,NaN,0.00369951209191162,NaN,NaN,NaN,0.00197361134217548,0.00171308416891593,1.28165808202123e-05,NaN,4.42396869105418,136.249652
4,5,Cycler 11a,Cycler 11b,242157,100,NaN,0.000967191660799006,NaN,NaN,NaN,0.000440275959940866,0.000516826419965836,1.00892808923042e-05,NaN,4.51769135286338,175.268832
4,6,Cycler 11a,Cycler 32,222774,100,NaN,0.00218293368358112,NaN,NaN,NaN,8.74909850913361e-05,0.0020320496210076,6.33930774821819e-05,NaN,5.57583235185477,195.285621
4,7,Cycler 11a,Resonant 2to1 Stable,213,35,NaN,0.331576031651137,NaN,NaN,NaN,0.121990985539233,0.00958504611190455,0.2,NaN,6.05049025932214,72.150306
4,8,Cycler 11a,Resonant 2to1 Unstable,199544,100,NaN,0.00242150190575105,NaN,NaN,NaN,1.87300093029505e-06,1.92075915642751e-05,0.00240042131325648,NaN,3.84056321455126,160.216993
4,9,Cycler 11a,Resonant 3to1 Stable,21671,100,NaN,0.16993152802111,NaN,NaN,NaN,0.00969516980953138,0.00917699955715047,0.151059358654428,NaN,6.22844042233932,157.457311
4,10,Cycler 11a,Resonant 3to1 Unstable,92728,100,NaN,0.0627509769882654,NaN,NaN,NaN,0.00845807320644437,0.0239394128159402,0.0303534909658809,NaN,4.71974152054389,213.476341
4,11,Cycler 11a,Resonant 5to2 Stable,215032,100,NaN,0.0973461532096524,NaN,NaN,NaN,0.0890369031454935,0.00828755941010182,2.16906540571173e-05,NaN,2.71883678507166,241.394548
4,12,Cycler 11a,Resonant 5to2 Unstable,176610,100,NaN,0.0311586952751004,NaN,NaN,NaN,9.55258361451695e-08,0.00679602999428035,0.0243625697549839,NaN,3.35568554011254,191.982795
4,13,Cycler 11a,Distant Prograde Orbit,70069,100,NaN,0.00280517901577181,NaN,NaN,NaN,0.000648236342223927,0.00214912404278176,7.81863076612318e-06,NaN,5.08277234533792,131.856615
5,6,Cycler 11b,Cycler 32,186387,100,NaN,0.00163365857478805,NaN,NaN,NaN,4.50869278591876e-05,0.00151165431532731,7.69173316015507e-05,NaN,5.78757920106512,178.989589
5,7,Cycler 11b,Resonant 2to1 Stable,4378,100,NaN,0.388118651586318,NaN,NaN,NaN,0.194720132224646,0.0105591174047924,0.18283940195688,NaN,3.65219059352613,114.607945
5,8,Cycler 11b,Resonant 2to1 Unstable,219021,100,NaN,0.00945531249388705,NaN,NaN,NaN,0.0016455589116653,0.00779633568454501,1.3417897676742e-05,NaN,3.90845572644401,163.341879
5,9,Cycler 11b,Resonant 3to1 Stable,6657,100,NaN,0.174788161635208,NaN,NaN,NaN,0.0130428156666199,0.0115117044104181,0.15023364155817,NaN,6.23652716827288,123.127758
5,10,Cycler 11b,Resonant 3to1 Unstable,48762,100,NaN,0.0735281973858834,NaN,NaN,NaN,0.00555460373174801,0.0250703876811828,0.0429032059729526,NaN,4.64282724293582,125.385448
5,11,Cycler 11b,Resonant 5to2 Stable,128490,100,NaN,0.0596449958887297,NaN,NaN,NaN,0.0151619805036401,0.000639586901767894,0.0438434284833217,NaN,6.10621750935708,181.224696
5,12,Cycler 11b,Resonant 5to2 Unstable,145240,100,NaN,0.0181058028389354,NaN,NaN,NaN,0.00181175312411708,0.00397123036442834,0.01232281935039,NaN,5.50098345844449,185.257278
5,13,Cycler 11b,Distant Prograde Orbit,58282,100,NaN,0.0019593022894109,NaN,NaN,NaN,0.000492345302676873,0.00145913835596791,7.81863076612318e-06,NaN,5.08767370508908,137.83562
6,7,Cycler 32,Resonant 2to1 Stable,71285,100,NaN,0.242413376064636,NaN,NaN,NaN,0.0175868786150324,0.109541118591784,0.115285378857819,NaN,5.17640462524531,173.501218
6,8,Cycler 32,Resonant 2to1 Unstable,198280,100,NaN,0.00888956825045262,NaN,NaN,NaN,0.000389569565406528,0.0061511261564068,0.00234887252863928,NaN,6.137366512391,193.688596
6,9,Cycler 32,Resonant 3to1 Stable,184073,100,NaN,0.145092696573684,NaN,NaN,NaN,0.035560464609508,0.000894410038190279,0.108637821925986,NaN,4.14978874017374,220.020486
6,10,Cycler 32,Resonant 3to1 Unstable,122519,100,NaN,0.0612345763599903,NaN,NaN,NaN,0.0138358930520254,0.0343544894455301,0.0130441938624347,NaN,4.48068620592898,181.628058
6,11,Cycler 32,Resonant 5to2 Stable,353129,100,NaN,0.060306346671327,NaN,NaN,NaN,0.0189197758037228,0.00109963013386124,0.0402869407337429,NaN,6.25273945903256,267.581922
6,12,Cycler 32,Resonant 5to2 Unstable,410072,100,NaN,0.00714134221411399,NaN,NaN,NaN,0.000146430380079833,0.00698702476359482,7.88707043933639e-06,NaN,4.59900664025325,325.813417
6,13,Cycler 32,Distant Prograde Orbit,75782,100,NaN,0.000235459545419956,NaN,NaN,NaN,8.41476489115853e-07,4.15133487617552e-05,0.000193104720169085,NaN,3.59419955158008,202.576167
7,8,Resonant 2to1 Stable,Resonant 2to1 Unstable,246,38,NaN,0.33131488521196,NaN,NaN,NaN,0.2,0.0108364820770486,0.120478403134911,NaN,5.99237302609053,77.108709
7,9,Resonant 2to1 Stable,Resonant 3to1 Stable,10484,100,NaN,0.368997003679038,NaN,NaN,NaN,0.190916918176852,0.00174529081417895,0.176334794688007,NaN,3.13044954257154,97.409259
7,10,Resonant 2to1 Stable,Resonant 3to1 Unstable,5591,100,NaN,0.389418498010036,NaN,NaN,NaN,0.184646438816936,0.010359784804255,0.194412274388845,NaN,3.22177668836528,82.168897
7,11,Resonant 2to1 Stable,Resonant 5to2 Stable,57685,100,NaN,0.251767774931637,NaN,NaN,NaN,0.174424187654167,0.011956672317401,0.0653869149600689,NaN,4.7045283900759,135.030145
7,12,Resonant 2to1 Stable,Resonant 5to2 Unstable,67434,100,NaN,0.245464780060762,NaN,NaN,NaN,0.124049077896338,0.101264251875186,0.0201514502892376,NaN,4.58023444601439,155.373218
7,13,Resonant 2to1 Stable,Distant Prograde Orbit,0,NaN,NaN,NaN,NaN,NaN,NaN,NaN,NaN,NaN,NaN,NaN,7.876656
8,9,Resonant 2to1 Unstable,Resonant 3to1 Stable,22467,100,NaN,0.169596732857666,NaN,NaN,NaN,0.0129997668103651,0.00968201009482041,0.14691495595248,NaN,5.63957353904355,143.874704
8,10,Resonant 2to1 Unstable,Resonant 3to1 Unstable,94427,100,NaN,0.061558583384115,NaN,NaN,NaN,0.00588013662216246,0.0259058956070642,0.0297725511548883,NaN,4.67083529155559,196.819582
8,11,Resonant 2to1 Unstable,Resonant 5to2 Stable,208557,100,NaN,0.0951520958596817,NaN,NaN,NaN,0.0858192577626613,0.00931114744296321,2.16906540571173e-05,NaN,2.6872629896047,250.709327
8,12,Resonant 2to1 Unstable,Resonant 5to2 Unstable,159028,100,NaN,0.0115903218781743,NaN,NaN,NaN,0.00593180966515542,0.00564502716321362,1.34850498052429e-05,NaN,4.70347062765683,176.274859
8,13,Resonant 2to1 Unstable,Distant Prograde Orbit,60922,100,NaN,0.0101810960572466,NaN,NaN,NaN,0.00243241864832097,0.00664182786117319,0.00110684954775243,NaN,5.60534560494806,127.541577
9,10,Resonant 3to1 Stable,Resonant 3to1 Unstable,37202,100,NaN,0.222517232980638,NaN,NaN,NaN,0.146714819769969,0.0311138358133093,0.0446885773973593,NaN,6.27190683580707,170.887628
9,11,Resonant 3to1 Stable,Resonant 5to2 Stable,118851,100,NaN,0.184962323930875,NaN,NaN,NaN,0.102164065955327,0.00433066580876731,0.0784675921667809,NaN,4.27208274751277,172.619199
9,12,Resonant 3to1 Stable,Resonant 5to2 Unstable,190016,100,NaN,0.142754420458167,NaN,NaN,NaN,0.104402044593153,0.00475060236050731,0.0336017735045058,NaN,4.04726968668786,215.102197
9,13,Resonant 3to1 Stable,Distant Prograde Orbit,4962,100,NaN,0.190436751292444,NaN,NaN,NaN,0.152504966676045,0.00575500004289836,0.0321767845735012,NaN,6.22507361644497,105.680386
10,11,Resonant 3to1 Unstable,Resonant 5to2 Stable,184749,100,NaN,0.132771258370843,NaN,NaN,NaN,0.0310945509838828,0.00404268105814148,0.0976340263288192,NaN,4.47405294348751,215.461653
10,12,Resonant 3to1 Unstable,Resonant 5to2 Unstable,129802,100,NaN,0.0985328266008132,NaN,NaN,NaN,0.0923072063179042,0.006225620282909,0,NaN,3.2130342867199,164.858546
10,13,Resonant 3to1 Unstable,Distant Prograde Orbit,8146,100,NaN,0.153687814169614,NaN,NaN,NaN,0.0773305041847921,0.0206419181750336,0.0557153918097889,NaN,5.65795641180444,93.953488
11,12,Resonant 5to2 Stable,Resonant 5to2 Unstable,350862,100,NaN,0.0609643073397242,NaN,NaN,NaN,0.040585420455126,0.00116360052179781,0.0192152863628004,NaN,6.25870389757823,260.602083
11,13,Resonant 5to2 Stable,Distant Prograde Orbit,31132,100,NaN,0.0926778826903986,NaN,NaN,NaN,0.0878771702582008,0.0033193355640943,0.0014813768681035,NaN,5.85528360615474,141.996237
12,13,Resonant 5to2 Unstable,Distant Prograde Orbit,58562,100,NaN,0.0163714502391657,NaN,NaN,NaN,0.00768572164197342,0.007878128373723,0.000807600223469258,NaN,5.97931411462541,166.888937
