di,dj,DVcap_nd,Tmax_nd,DVcap_true_mps,Tmax_true_days,edges_kept,direct_pairs,lcc_size,lcc_full,budget_pairs,hc_winner,hc_tie_size,bw_winner,bw_tie_size,str_winner,str_tie_size,n_articulation_points
1,1,0.025,0.785398,51.1579,6.8304,44,22,8,0,28.0,Cyc11a,1,Cyc32,1,Cyc11a,1,0
1,2,0.025,0.883573,51.1579,7.6842,48,24,9,0,29.0,Cyc11a,1,Cyc32,1,Cyc11a,1,1
1,3,0.025,0.981748,51.1579,8.5380,58,29,9,0,36.0,Cyc11a,1,Cyc32,1,Cyc11a,1,0
1,4,0.025,1.07992,51.1579,9.3918,58,29,9,0,36.0,Cyc11a,1,Cyc32,1,Cyc11a,1,0
1,5,0.025,1.1781,51.1579,10.2456,64,32,9,0,36.0,Cyc11a,1,Cyc32,1,Cyc11a,1,0
1,6,0.025,1.27627,51.1579,11.0994,66,33,9,0,36.0,Cyc32,1,Cyc32,1,Cyc32,1,0
1,7,0.025,1.37445,51.1579,11.9532,66,33,9,0,36.0,Cyc32,1,Cyc32,1,Cyc32,1,0
1,8,0.025,1.47262,51.1579,12.8070,66,33,9,0,36.0,Cyc32,1,Cyc32,1,Cyc32,1,0
1,9,0.025,1.5708,51.1579,13.6608,66,33,9,0,36.0,Cyc32,1,Cyc32,1,Cyc32,1,0
1,10,0.025,1.66897,51.1579,14.5146,68,34,9,0,36.0,Cyc32,1,Cyc32,1,Cyc32,1,0
1,11,0.025,1.76715,51.1579,15.3684,68,34,9,0,36.0,Cyc32,1,Cyc32,1,Cyc32,1,0
1,12,0.025,1.86532,51.1579,16.2222,70,35,9,0,36.0,Cyc32,1,Cyc32,1,Cyc32,1,0
1,13,0.025,1.9635,51.1579,17.0760,74,37,10,0,44.0,Cyc32,1,Cyc32,1,Cyc32,1,0
1,14,0.025,2.06167,51.1579,17.9298,74,37,10,0,45.0,Cyc32,1,Cyc32,1,Cyc32,1,0
1,15,0.025,2.15984,51.1579,18.7836,74,37,10,0,45.0,Cyc32,1,Cyc32,1,Cyc32,1,0
1,16,0.025,2.25802,51.1579,19.6374,74,37,10,0,45.0,Cyc32,1,Cyc32,1,Cyc32,1,0
1,17,0.025,2.35619,51.1579,20.4912,74,37,10,0,45.0,Cyc32,1,Cyc32,1,Cyc32,1,0
1,18,0.025,2.45437,51.1579,21.3450,76,38,10,0,45.0,Cyc32,1,Cyc32,1,Cyc32,1,0
1,19,0.025,2.55254,51.1579,22.1988,76,38,10,0,45.0,Cyc32,1,Cyc32,1,Cyc32,1,0
1,20,0.025,2.65072,51.1579,23.0527,76,38,10,0,45.0,Cyc32,1,Cyc32,1,Cyc32,1,0
1,21,0.025,2.74889,51.1579,23.9065,76,38,10,0,45.0,Cyc32,1,Cyc32,1,Cyc32,1,0
1,22,0.025,2.84707,51.1579,24.7603,76,38,10,0,45.0,Cyc32,1,Cyc32,1,Cyc32,1,0
1,23,0.025,2.94524,51.1579,25.6141,76,38,10,0,45.0,Cyc32,1,Cyc32,1,Cyc32,1,0
1,24,0.025,3.04342,51.1579,26.4679,76,38,10,0,45.0,Cyc32,1,Cyc32,1,Cyc32,1,0
1,25,0.025,3.14159,51.1579,27.3217,76,38,10,0,45.0,Cyc32,1,Cyc32,1,Cyc32,1,0
2,1,0.0322917,0.785398,66.0789,6.8304,60,30,9,0,32.0,Cyc11a,1,Cyc32,1,Cyc11a,1,0
2,2,0.0322917,0.883573,66.0789,7.6842,62,31,9,0,36.0,Cyc11a,1,Cyc32,1,Cyc11a,1,0
2,3,0.0322917,0.981748,66.0789,8.5380,62,31,9,0,36.0,Cyc11a,1,Cyc32,1,Cyc11a,1,0
2,4,0.0322917,1.07992,66.0789,9.3918,64,32,9,0,36.0,Cyc11a,1,Cyc32,1,Cyc11a,1,0
2,5,0.0322917,1.1781,66.0789,10.2456,66,33,9,0,36.0,Cyc11a,1,Cyc32,1,Cyc11a,1,0
2,6,0.0322917,1.27627,66.0789,11.0994,66,33,9,0,36.0,Cyc32,1,Cyc32,1,Cyc32,1,0
2,7,0.0322917,1.37445,66.0789,11.9532,66,33,9,0,36.0,Cyc32,1,Cyc32,1,Cyc32,1,0
2,8,0.0322917,1.47262,66.0789,12.8070,68,34,9,0,36.0,Cyc32,1,Cyc32,1,Cyc32,1,0
2,9,0.0322917,1.5708,66.0789,13.6608,68,34,9,0,36.0,Cyc32,1,Cyc32,1,Cyc32,1,0
2,10,0.0322917,1.66897,66.0789,14.5146,68,34,9,0,36.0,Cyc32,1,Cyc32,1,Cyc32,1,0
2,11,0.0322917,1.76715,66.0789,15.3684,70,35,9,0,36.0,Cyc32,1,Cyc32,1,Cyc32,1,0
2,12,0.0322917,1.86532,66.0789,16.2222,72,36,10,0,45.0,Cyc32,1,Cyc32,1,Cyc32,1,1
2,13,0.0322917,1.9635,66.0789,17.0760,74,37,10,0,45.0,Cyc32,1,Cyc32,1,Cyc32,1,0
2,14,0.0322917,2.06167,66.0789,17.9298,76,38,10,0,45.0,Cyc32,1,Cyc32,1,Cyc32,1,0
2,15,0.0322917,2.15984,66.0789,18.7836,76,38,10,0,45.0,Cyc32,1,Cyc32,1,Cyc32,1,0
2,16,0.0322917,2.25802,66.0789,19.6374,76,38,10,0,45.0,Cyc32,1,Cyc32,1,Cyc32,1,0
2,17,0.0322917,2.35619,66.0789,20.4912,76,38,10,0,45.0,Cyc32,1,Cyc32,1,Cyc32,1,0
2,18,0.0322917,2.45437,66.0789,21.3450,76,38,10,0,45.0,Cyc32,1,Cyc32,1,Cyc32,1,0
2,19,0.0322917,2.55254,66.0789,22.1988,76,38,10,0,45.0,Cyc32,1,Cyc32,1,Cyc32,1,0
2,20,0.0322917,2.65072,66.0789,23.0527,76,38,10,0,45.0,Cyc32,1,Cyc32,1,Cyc32,1,0
2,21,0.0322917,2.74889,66.0789,23.9065,76,38,10,0,45.0,Cyc32,1,Cyc32,1,Cyc32,1,0
2,22,0.0322917,2.84707,66.0789,24.7603,76,38,10,0,45.0,Cyc32,1,Cyc32,1,Cyc32,1,0
2,23,0.0322917,2.94524,66.0789,25.6141,76,38,10,0,45.0,Cyc32,1,Cyc32,1,Cyc32,1,0
2,24,0.0322917,3.04342,66.0789,26.4679,76,38,10,0,45.0,Cyc32,1,Cyc32,1,Cyc32,1,0
2,25,0.0322917,3.14159,66.0789,27.3217,76,38,10,0,45.0,Cyc32,1,Cyc32,1,Cyc32,1,0
3,1,0.0395833,0.785398,81.0000,6.8304,64,32,9,0,36.0,Cyc11a,1,Cyc32,1,Cyc11a,1,0
3,2,0.0395833,0.883573,81.0000,7.6842,64,32,9,0,36.0,Cyc11a,1,Cyc32,1,Cyc11a,1,0
3,3,0.0395833,0.981748,81.0000,8.5380,66,33,9,0,36.0,Cyc11a,1,Cyc32,1,Cyc11a,1,0
3,4,0.0395833,1.07992,81.0000,9.3918,66,33,9,0,36.0,Cyc11a,1,Cyc32,1,Cyc11a,1,0
3,5,0.0395833,1.1781,81.0000,10.2456,68,34,9,0,36.0,Cyc11a,1,Cyc32,1,Cyc11a,1,0
3,6,0.0395833,1.27627,81.0000,11.0994,70,35,9,0,36.0,Cyc32,1,Cyc32,1,Cyc32,1,0
3,7,0.0395833,1.37445,81.0000,11.9532,70,35,9,0,36.0,Cyc32,1,Cyc32,1,Cyc32,1,0
3,8,0.0395833,1.47262,81.0000,12.8070,70,35,9,0,36.0,Cyc32,1,Cyc32,1,Cyc32,1,0
3,9,0.0395833,1.5708,81.0000,13.6608,72,36,10,0,44.0,Cyc32,1,Cyc32,1,Cyc32,1,1
3,10,0.0395833,1.66897,81.0000,14.5146,74,37,10,0,45.0,Cyc32,1,Cyc32,1,Cyc32,1,1
3,11,0.0395833,1.76715,81.0000,15.3684,74,37,10,0,45.0,Cyc32,1,Cyc32,1,Cyc32,1,1
3,12,0.0395833,1.86532,81.0000,16.2222,76,38,10,0,45.0,Cyc32,1,Cyc32,1,Cyc32,1,0
3,13,0.0395833,1.9635,81.0000,17.0760,76,38,10,0,45.0,Cyc32,1,Cyc32,1,Cyc32,1,0
3,14,0.0395833,2.06167,81.0000,17.9298,76,38,10,0,45.0,Cyc32,1,Cyc32,1,Cyc32,1,0
3,15,0.0395833,2.15984,81.0000,18.7836,76,38,10,0,45.0,Cyc32,1,Cyc32,1,Cyc32,1,0
3,16,0.0395833,2.25802,81.0000,19.6374,76,38,10,0,45.0,Cyc32,1,Cyc32,1,Cyc32,1,0
3,17,0.0395833,2.35619,81.0000,20.4912,78,39,10,0,45.0,Cyc32,1,Cyc32,1,Cyc32,1,0
3,18,0.0395833,2.45437,81.0000,21.3450,78,39,10,0,45.0,Cyc32,1,Cyc32,1,Cyc32,1,0
3,19,0.0395833,2.55254,81.0000,22.1988,80,40,11,0,47.0,Cyc32,1,Cyc32,1,Cyc32,1,1
3,20,0.0395833,2.65072,81.0000,23.0527,84,42,11,0,54.0,Cyc32,1,Cyc32,1,Cyc32,1,0
3,21,0.0395833,2.74889,81.0000,23.9065,84,42,11,0,54.0,Cyc32,1,Cyc11a;Cyc32,2,Cyc32,1,0
3,22,0.0395833,2.84707,81.0000,24.7603,84,42,11,0,54.0,Cyc32,1,Cyc11a;Cyc32,2,Cyc32,1,0
3,23,0.0395833,2.94524,81.0000,25.6141,84,42,11,0,54.0,Cyc32,1,Cyc11a;Cyc32,2,Cyc32,1,0
3,24,0.0395833,3.04342,81.0000,26.4679,88,44,11,0,54.0,Cyc32,1,Cyc11a;Cyc32,2,Cyc32,1,0
3,25,0.0395833,3.14159,81.0000,27.3217,94,47,11,0,54.0,Cyc32,1,Cyc11a;Cyc32,2,Cyc32,1,0
4,1,0.046875,0.785398,95.9210,6.8304,68,34,10,0,39.0,Cyc11a,1,Cyc32,1,Cyc11a,1,0
4,2,0.046875,0.883573,95.9210,7.6842,68,34,10,0,39.0,Cyc11a,1,Cyc32,1,Cyc11a,1,0
4,3,0.046875,0.981748,95.9210,8.5380,72,36,10,0,39.0,Cyc11a,1,Cyc32,1,Cyc11a,1,0
4,4,0.046875,1.07992,95.9210,9.3918,72,36,10,0,39.0,Cyc11a,1,Cyc32,1,Cyc11a,1,0
4,5,0.046875,1.1781,95.9210,10.2456,72,36,10,0,39.0,Cyc11a,1,Cyc32,1,Cyc11a,1,0
4,6,0.046875,1.27627,95.9210,11.0994,74,37,10,0,39.0,Cyc32,1,Cyc32,1,Cyc32,1,0
4,7,0.046875,1.37445,95.9210,11.9532,74,37,10,0,39.0,Cyc32,1,Cyc32,1,Cyc32,1,0
4,8,0.046875,1.47262,95.9210,12.8070,76,38,11,0,47.0,Cyc32,1,Cyc32,1,Cyc32,1,1
4,9,0.046875,1.5708,95.9210,13.6608,80,40,11,0,48.0,Cyc32,1,Cyc32,1,Cyc32,1,0
4,10,0.046875,1.66897,95.9210,14.5146,84,42,11,0,48.0,Cyc32,1,Cyc32,1,Cyc32,1,0
4,11,0.046875,1.76715,95.9210,15.3684,84,42,11,0,48.0,Cyc32,1,Cyc32,1,Cyc32,1,0
4,12,0.046875,1.86532,95.9210,16.2222,84,42,11,0,48.0,Cyc32,1,Cyc32,1,Cyc32,1,0
4,13,0.046875,1.9635,95.9210,17.0760,84,42,11,0,48.0,Cyc32,1,Cyc32,1,Cyc32,1,0
4,14,0.046875,2.06167,95.9210,17.9298,84,42,11,0,48.0,Cyc32,1,Cyc32,1,Cyc32,1,0
4,15,0.046875,2.15984,95.9210,18.7836,84,42,11,0,48.0,Cyc32,1,Cyc32,1,Cyc32,1,0
4,16,0.046875,2.25802,95.9210,19.6374,84,42,11,0,48.0,Cyc32,1,Cyc32,1,Cyc32,1,0
4,17,0.046875,2.35619,95.9210,20.4912,84,42,11,0,53.0,Cyc32,1,Cyc32,1,Cyc32,1,0
4,18,0.046875,2.45437,95.9210,21.3450,84,42,11,0,54.0,Cyc32,1,Cyc32,1,Cyc32,1,0
4,19,0.046875,2.55254,95.9210,22.1988,84,42,11,0,54.0,Cyc32,1,Cyc32,1,Cyc32,1,0
4,20,0.046875,2.65072,95.9210,23.0527,84,42,11,0,54.0,Cyc32,1,Cyc32,1,Cyc32,1,0
4,21,0.046875,2.74889,95.9210,23.9065,84,42,11,0,54.0,Cyc32,1,Cyc11a;Cyc32,2,Cyc32,1,0
4,22,0.046875,2.84707,95.9210,24.7603,86,43,11,0,54.0,Cyc32,1,Cyc11a;Cyc32,2,Cyc32,1,0
4,23,0.046875,2.94524,95.9210,25.6141,92,46,11,0,54.0,Cyc32,1,Cyc11a,1,Cyc32,1,0
4,24,0.046875,3.04342,95.9210,26.4679,94,47,11,0,55.0,Cyc32,1,Cyc11a;Cyc32,2,Cyc32,1,0
4,25,0.046875,3.14159,95.9210,27.3217,94,47,11,0,55.0,Cyc32,1,Cyc11a;Cyc32,2,Cyc32,1,0
5,1,0.0541667,0.785398,110.8420,6.8304,68,34,10,0,44.0,Cyc11a,1,Cyc11a;Cyc32,2,Cyc11a,1,0
5,2,0.0541667,0.883573,110.8420,7.6842,68,34,10,0,44.0,Cyc11a,1,Cyc11a;Cyc32,2,Cyc11a,1,0
5,3,0.0541667,0.981748,110.8420,8.5380,72,36,10,0,44.0,Cyc11a,1,Cyc11a,1,Cyc11a,1,0
5,4,0.0541667,1.07992,110.8420,9.3918,72,36,10,0,44.0,Cyc11a,1,Cyc11a;Cyc32,2,Cyc11a,1,0
5,5,0.0541667,1.1781,110.8420,10.2456,74,37,10,0,44.0,Cyc11a,1,Cyc11a;Cyc32,2,Cyc11a,1,0
5,6,0.0541667,1.27627,110.8420,11.0994,74,37,10,0,44.0,Cyc32,1,Cyc11a;Cyc32,2,Cyc32,1,0
5,7,0.0541667,1.37445,110.8420,11.9532,76,38,11,0,52.0,Cyc32,1,Cyc32,1,Cyc32,1,1
5,8,0.0541667,1.47262,110.8420,12.8070,78,39,11,0,53.0,Cyc32,1,Cyc32,1,Cyc32,1,0
5,9,0.0541667,1.5708,110.8420,13.6608,82,41,11,0,54.0,Cyc32,1,Cyc32,1,Cyc32,1,0
5,10,0.0541667,1.66897,110.8420,14.5146,84,42,11,0,54.0,Cyc32,1,Cyc32,1,Cyc32,1,0
5,11,0.0541667,1.76715,110.8420,15.3684,84,42,11,0,54.0,Cyc32,1,Cyc32,1,Cyc32,1,0
5,12,0.0541667,1.86532,110.8420,16.2222,84,42,11,0,54.0,Cyc32,1,Cyc32,1,Cyc32,1,0
5,13,0.0541667,1.9635,110.8420,17.0760,86,43,11,0,54.0,Cyc32,1,Cyc32,1,Cyc32,1,0
5,14,0.0541667,2.06167,110.8420,17.9298,86,43,11,0,54.0,Cyc32,1,Cyc32,1,Cyc32,1,0
5,15,0.0541667,2.15984,110.8420,18.7836,86,43,11,0,54.0,Cyc32,1,Cyc32,1,Cyc32,1,0
5,16,0.0541667,2.25802,110.8420,19.6374,86,43,11,0,54.0,Cyc32,1,Cyc32,1,Cyc32,1,0
5,17,0.0541667,2.35619,110.8420,20.4912,86,43,11,0,54.0,Cyc32,1,Cyc32,1,Cyc32,1,0
5,18,0.0541667,2.45437,110.8420,21.3450,86,43,11,0,54.0,Cyc32,1,Cyc32,1,Cyc32,1,0
5,19,0.0541667,2.55254,110.8420,22.1988,86,43,11,0,54.0,Cyc32,1,Cyc32,1,Cyc32,1,0
5,20,0.0541667,2.65072,110.8420,23.0527,86,43,11,0,54.0,Cyc32,1,Cyc32,1,Cyc32,1,0
5,21,0.0541667,2.74889,110.8420,23.9065,86,43,11,0,55.0,Cyc32,1,Cyc11a;Cyc32,2,Cyc32,1,0
5,22,0.0541667,2.84707,110.8420,24.7603,96,48,11,0,55.0,Cyc32,1,Cyc11a;Cyc32,2,Cyc32,1,0
5,23,0.0541667,2.94524,110.8420,25.6141,96,48,11,0,55.0,Cyc32,1,Cyc11a,1,Cyc32,1,0
5,24,0.0541667,3.04342,110.8420,26.4679,96,48,11,0,55.0,Cyc32,1,Cyc11a;Cyc32,2,Cyc32,1,0
5,25,0.0541667,3.14159,110.8420,27.3217,98,49,11,0,55.0,Cyc32,1,Cyc11a;Cyc32,2,Cyc32,1,0
6,1,0.0614583,0.785398,125.7631,6.8304,68,34,10,0,44.0,Cyc11a,1,Cyc11a;Cyc32,2,Cyc11a,1,0
6,2,0.0614583,0.883573,125.7631,7.6842,74,37,10,0,44.0,Cyc11a,1,Cyc11a;Cyc32,2,Cyc11a,1,0
6,3,0.0614583,0.981748,125.7631,8.5380,74,37,10,0,44.0,Cyc11a,1,Cyc11a,1,Cyc11a,1,0
6,4,0.0614583,1.07992,125.7631,9.3918,74,37,10,0,44.0,Cyc11a,1,Cyc11a;Cyc32,2,Cyc11a,1,0
6,5,0.0614583,1.1781,125.7631,10.2456,74,37,10,0,45.0,Cyc11a,1,Cyc11a,1,Cyc11a,1,0
6,6,0.0614583,1.27627,125.7631,11.0994,76,38,11,0,47.0,Cyc32,1,Cyc11a,1,Cyc32,1,1
6,7,0.0614583,1.37445,125.7631,11.9532,76,38,11,0,54.0,Cyc32,1,Cyc32,1,Cyc32,1,1
6,8,0.0614583,1.47262,125.7631,12.8070,80,40,11,0,54.0,Cyc32,1,Cyc32,1,Cyc32,1,0
6,9,0.0614583,1.5708,125.7631,13.6608,84,42,11,0,54.0,Cyc32,1,Cyc32,1,Cyc32,1,0
6,10,0.0614583,1.66897,125.7631,14.5146,84,42,11,0,54.0,Cyc32,1,Cyc32,1,Cyc32,1,0
6,11,0.0614583,1.76715,125.7631,15.3684,84,42,11,0,54.0,Cyc32,1,Cyc32,1,Cyc32,1,0
6,12,0.0614583,1.86532,125.7631,16.2222,86,43,11,0,54.0,Cyc32,1,Cyc32,1,Cyc32,1,0
6,13,0.0614583,1.9635,125.7631,17.0760,88,44,11,0,54.0,Cyc32,1,Cyc32,1,Cyc32,1,0
6,14,0.0614583,2.06167,125.7631,17.9298,88,44,11,0,54.0,Cyc32,1,Cyc32,1,Cyc32,1,0
6,15,0.0614583,2.15984,125.7631,18.7836,88,44,11,0,54.0,Cyc32,1,Cyc32,1,Cyc32,1,0
6,16,0.0614583,2.25802,125.7631,19.6374,88,44,11,0,54.0,Cyc32,1,Cyc32,1,Cyc32,1,0
6,17,0.0614583,2.35619,125.7631,20.4912,88,44,11,0,54.0,Cyc32,1,Cyc32,1,Cyc32,1,0
6,18,0.0614583,2.45437,125.7631,21.3450,88,44,11,0,55.0,Cyc32,1,Cyc32,1,Cyc32,1,0
6,19,0.0614583,2.55254,125.7631,22.1988,88,44,11,0,55.0,Cyc32,1,Cyc32,1,Cyc32,1,0
6,20,0.0614583,2.65072,125.7631,23.0527,88,44,11,0,55.0,Cyc32,1,Cyc32,1,Cyc32,1,0
6,21,0.0614583,2.74889,125.7631,23.9065,98,49,11,0,55.0,Cyc32,1,Cyc11a;Cyc32,2,Cyc32,1,0
6,22,0.0614583,2.84707,125.7631,24.7603,98,49,11,0,55.0,Cyc32,1,Cyc11a;Cyc32,2,Cyc32,1,0
6,23,0.0614583,2.94524,125.7631,25.6141,98,49,11,0,55.0,Cyc32,1,Cyc11a,1,Cyc32,1,0
6,24,0.0614583,3.04342,125.7631,26.4679,100,50,11,0,55.0,Cyc32,1,Cyc11a;Cyc32,2,Cyc32,1,0
6,25,0.0614583,3.14159,125.7631,27.3217,100,50,11,0,55.0,Cyc32,1,Cyc11a;Cyc32,2,Cyc32,1,0
7,1,0.06875,0.785398,140.6841,6.8304,72,36,11,0,50.0,Cyc11a,1,Cyc32,1,Cyc11a,1,1
7,2,0.06875,0.883573,140.6841,7.6842,76,38,11,0,51.0,Cyc11a,1,Cyc32,1,Cyc11a,1,1
7,3,0.06875,0.981748,140.6841,8.5380,78,39,11,0,52.0,Cyc11a,1,Cyc32,1,Cyc11a,1,1
7,4,0.06875,1.07992,140.6841,9.3918,78,39,11,0,52.0,Cyc11a,1,Cyc32,1,Cyc11a,1,1
7,5,0.06875,1.1781,140.6841,10.2456,78,39,11,0,52.0,Cyc11a,1,Cyc32,1,Cyc11a,1,1
7,6,0.06875,1.27627,140.6841,11.0994,78,39,11,0,53.0,Cyc32,1,Cyc32,1,Cyc32,1,1
7,7,0.06875,1.37445,140.6841,11.9532,78,39,11,0,54.0,Cyc32,1,Cyc32,1,Cyc32,1,1
7,8,0.06875,1.47262,140.6841,12.8070,82,41,11,0,54.0,Cyc32,1,Cyc32,1,Cyc32,1,0
7,9,0.06875,1.5708,140.6841,13.6608,86,43,12,0,55.0,Cyc32,1,Cyc32,1,Cyc32,1,1
7,10,0.06875,1.66897,140.6841,14.5146,86,43,12,0,55.0,Cyc32,1,Cyc32,1,Cyc32,1,1
7,11,0.06875,1.76715,140.6841,15.3684,88,44,12,0,58.0,Cyc32,1,Cyc32,1,Cyc32,1,1
7,12,0.06875,1.86532,140.6841,16.2222,92,46,12,0,62.0,Cyc32,1,Cyc32,1,Cyc32,1,1
7,13,0.06875,1.9635,140.6841,17.0760,94,47,12,0,63.0,Cyc32,1,Cyc32,1,Cyc32,1,1
7,14,0.06875,2.06167,140.6841,17.9298,94,47,12,0,64.0,Cyc32,1,Cyc32,1,Cyc32,1,1
7,15,0.06875,2.15984,140.6841,18.7836,94,47,12,0,64.0,Cyc32,1,Cyc32,1,Cyc32,1,1
7,16,0.06875,2.25802,140.6841,19.6374,94,47,12,0,64.0,Cyc32,1,Cyc32,1,Cyc32,1,1
7,17,0.06875,2.35619,140.6841,20.4912,94,47,12,0,64.0,Cyc32,1,Cyc32,1,Cyc32,1,1
7,18,0.06875,2.45437,140.6841,21.3450,94,47,12,0,64.0,Cyc32,1,Cyc32,1,Cyc32,1,1
7,19,0.06875,2.55254,140.6841,22.1988,96,48,12,0,64.0,Cyc32,1,Cyc32,1,Cyc32,1,0
7,20,0.06875,2.65072,140.6841,23.0527,102,51,12,0,64.0,Cyc32,1,Cyc32,1,Cyc32,1,0
7,21,0.06875,2.74889,140.6841,23.9065,106,53,12,0,64.0,Cyc32,1,Cyc32,1,Cyc32,1,0
7,22,0.06875,2.84707,140.6841,24.7603,106,53,12,0,64.0,Cyc32,1,Cyc32,1,Cyc32,1,0
7,23,0.06875,2.94524,140.6841,25.6141,108,54,12,0,64.0,Cyc32,1,Cyc32,1,Cyc32,1,0
7,24,0.06875,3.04342,140.6841,26.4679,108,54,12,0,64.0,Cyc32,1,Cyc32,1,Cyc32,1,0
7,25,0.06875,3.14159,140.6841,27.3217,108,54,12,0,64.0,Cyc32,1,Cyc32,1,Cyc32,1,0
8,1,0.0760417,0.785398,155.6052,6.8304,72,36,11,0,52.0,Cyc11a,1,Cyc32,1,Cyc11a,1,1
8,2,0.0760417,0.883573,155.6052,7.6842,76,38,11,0,53.0,Cyc11a,1,Cyc32,1,Cyc11a,1,1
8,3,0.0760417,0.981748,155.6052,8.5380,78,39,11,0,53.0,Cyc11a,1,Cyc32,1,Cyc11a,1,1
8,4,0.0760417,1.07992,155.6052,9.3918,82,41,12,0,56.0,Cyc11a,1,Cyc32,1,Cyc11a,1,1
8,5,0.0760417,1.1781,155.6052,10.2456,82,41,12,0,58.0,Cyc11a,1,Cyc32,1,Cyc11a,1,1
8,6,0.0760417,1.27627,155.6052,11.0994,84,42,12,0,62.0,Cyc32,1,Cyc32,1,Cyc32,1,0
8,7,0.0760417,1.37445,155.6052,11.9532,86,43,12,0,62.0,Cyc32,1,Cyc32,1,Cyc32,1,0
8,8,0.0760417,1.47262,155.6052,12.8070,88,44,12,0,63.0,Cyc32,1,Cyc32,1,Cyc32,1,0
8,9,0.0760417,1.5708,155.6052,13.6608,90,45,12,0,63.0,Cyc32,1,Cyc32,1,Cyc32,1,0
8,10,0.0760417,1.66897,155.6052,14.5146,90,45,12,0,63.0,Cyc32,1,Cyc32,1,Cyc32,1,0
8,11,0.0760417,1.76715,155.6052,15.3684,92,46,12,0,64.0,Cyc32,1,Cyc32,1,Cyc32,1,0
8,12,0.0760417,1.86532,155.6052,16.2222,96,48,12,0,64.0,Cyc32,1,Cyc32,1,Cyc32,1,0
8,13,0.0760417,1.9635,155.6052,17.0760,98,49,12,0,64.0,Cyc32,1,Cyc32,1,Cyc32,1,0
8,14,0.0760417,2.06167,155.6052,17.9298,102,51,12,0,64.0,Cyc32,1,Cyc32,1,Cyc32,1,0
8,15,0.0760417,2.15984,155.6052,18.7836,104,52,12,0,64.0,Cyc32,1,Cyc32,1,Cyc32,1,0
8,16,0.0760417,2.25802,155.6052,19.6374,106,53,12,0,64.0,Cyc32,1,Cyc32,1,Cyc32,1,0
8,17,0.0760417,2.35619,155.6052,20.4912,106,53,12,0,64.0,Cyc32,1,Cyc32,1,Cyc32,1,0
8,18,0.0760417,2.45437,155.6052,21.3450,106,53,12,0,64.0,Cyc32,1,Cyc32,1,Cyc32,1,0
8,19,0.0760417,2.55254,155.6052,22.1988,108,54,12,0,64.0,Cyc32,1,Cyc32,1,Cyc32,1,0
8,20,0.0760417,2.65072,155.6052,23.0527,108,54,12,0,64.0,Cyc32,1,Cyc32,1,Cyc32,1,0
8,21,0.0760417,2.74889,155.6052,23.9065,108,54,12,0,64.0,Cyc32,1,Cyc32,1,Cyc32,1,0
8,22,0.0760417,2.84707,155.6052,24.7603,108,54,12,0,64.0,Cyc32,1,Cyc32,1,Cyc32,1,0
8,23,0.0760417,2.94524,155.6052,25.6141,108,54,12,0,64.0,Cyc32,1,Cyc32,1,Cyc32,1,0
8,24,0.0760417,3.04342,155.6052,26.4679,108,54,12,0,64.0,Cyc32,1,Cyc32,1,Cyc32,1,0
8,25,0.0760417,3.14159,155.6052,27.3217,108,54,12,0,64.0,Cyc32,1,Cyc32,1,Cyc32,1,0
9,1,0.0833333,0.785398,170.5262,6.8304,74,37,11,0,53.0,Cyc11a,1,Cyc32,1,Cyc11a,1,1
9,2,0.0833333,0.883573,170.5262,7.6842,82,41,12,0,55.0,Cyc11a,1,Cyc32,1,Cyc11a,1,1
9,3,0.0833333,0.981748,170.5262,8.5380,84,42,12,0,62.0,Cyc11a,1,Cyc32,1,Cyc11a,1,0
9,4,0.0833333,1.07992,170.5262,9.3918,84,42,12,0,63.0,Cyc11a,1,Cyc32,1,Cyc11a,1,0
9,5,0.0833333,1.1781,170.5262,10.2456,84,42,12,0,63.0,Cyc11a,1,Cyc32,1,Cyc11a,1,0
9,6,0.0833333,1.27627,170.5262,11.0994,84,42,12,0,63.0,Cyc32,1,Cyc32,1,Cyc32,1,0
9,7,0.0833333,1.37445,170.5262,11.9532,86,43,12,0,64.0,Cyc32,1,Cyc32,1,Cyc32,1,0
9,8,0.0833333,1.47262,170.5262,12.8070,90,45,12,0,64.0,Cyc32,1,Cyc32,1,Cyc32,1,0
9,9,0.0833333,1.5708,170.5262,13.6608,98,49,12,0,64.0,Cyc32,1,Cyc32,1,Cyc32,1,0
9,10,0.0833333,1.66897,170.5262,14.5146,100,50,12,0,64.0,Cyc32,1,Cyc32,1,Cyc32,1,0
9,11,0.0833333,1.76715,170.5262,15.3684,102,51,12,0,64.0,Cyc32,1,Cyc32,1,Cyc32,1,0
9,12,0.0833333,1.86532,170.5262,16.2222,106,53,12,0,64.0,Cyc32,1,Cyc32,1,Cyc32,1,0
9,13,0.0833333,1.9635,170.5262,17.0760,108,54,12,0,65.0,Cyc32,1,Cyc32,1,Cyc32,1,0
9,14,0.0833333,2.06167,170.5262,17.9298,108,54,12,0,65.0,Cyc32,1,Cyc32,1,Cyc32,1,0
9,15,0.0833333,2.15984,170.5262,18.7836,108,54,12,0,65.0,Cyc32,1,Cyc32,1,Cyc32,1,0
9,16,0.0833333,2.25802,170.5262,19.6374,108,54,12,0,65.0,Cyc32,1,Cyc32,1,Cyc32,1,0
9,17,0.0833333,2.35619,170.5262,20.4912,108,54,12,0,65.0,Cyc32,1,Cyc32,1,Cyc32,1,0
9,18,0.0833333,2.45437,170.5262,21.3450,108,54,12,0,65.0,Cyc32,1,Cyc32,1,Cyc32,1,0
9,19,0.0833333,2.55254,170.5262,22.1988,108,54,12,0,65.0,Cyc32,1,Cyc32,1,Cyc32,1,0
9,20,0.0833333,2.65072,170.5262,23.0527,108,54,12,0,65.0,Cyc32,1,Cyc32,1,Cyc32,1,0
9,21,0.0833333,2.74889,170.5262,23.9065,108,54,12,0,65.0,Cyc32,1,Cyc32,1,Cyc32,1,0
9,22,0.0833333,2.84707,170.5262,24.7603,108,54,12,0,65.0,Cyc32,1,Cyc32,1,Cyc32,1,0
9,23,0.0833333,2.94524,170.5262,25.6141,108,54,12,0,65.0,Cyc32,1,Cyc32,1,Cyc32,1,0
9,24,0.0833333,3.04342,170.5262,26.4679,108,54,12,0,65.0,Cyc32,1,Cyc32,1,Cyc32,1,0
9,25,0.0833333,3.14159,170.5262,27.3217,110,55,12,0,65.0,Cyc32,1,Cyc32,1,Cyc32,1,0
10,1,0.090625,0.785398,185.4473,6.8304,84,42,12,0,58.0,Cyc11a,1,Cyc32,1,Cyc11a,1,0
10,2,0.090625,0.883573,185.4473,7.6842,86,43,12,0,62.0,Cyc11a,1,Cyc32,1,Cyc11a,1,0
10,3,0.090625,0.981748,185.4473,8.5380,86,43,12,0,63.0,Cyc11a,1,Cyc32,1,Cyc11a,1,0
10,4,0.090625,1.07992,185.4473,9.3918,86,43,12,0,63.0,Cyc11a,1,Cyc32,1,Cyc11a,1,0
10,5,0.090625,1.1781,185.4473,10.2456,86,43,12,0,64.0,Cyc11a,1,Cyc32,1,Cyc11a,1,0
10,6,0.090625,1.27627,185.4473,11.0994,88,44,12,0,64.0,Cyc32,1,Cyc32,1,Cyc32,1,0
10,7,0.090625,1.37445,185.4473,11.9532,92,46,12,0,64.0,Cyc32,1,Cyc32,1,Cyc32,1,0
10,8,0.090625,1.47262,185.4473,12.8070,98,49,12,0,64.0,Cyc32,1,Cyc32,1,Cyc32,1,0
10,9,0.090625,1.5708,185.4473,13.6608,100,50,12,0,64.0,Cyc32,1,Cyc32,1,Cyc32,1,0
10,10,0.090625,1.66897,185.4473,14.5146,102,51,12,0,64.0,Cyc32,1,Cyc32,1,Cyc32,1,0
10,11,0.090625,1.76715,185.4473,15.3684,106,53,12,0,64.0,Cyc32,1,Cyc32,1,Cyc32,1,0
10,12,0.090625,1.86532,185.4473,16.2222,108,54,12,0,65.0,Cyc32,1,Cyc32,1,Cyc32,1,0
10,13,0.090625,1.9635,185.4473,17.0760,108,54,12,0,65.0,Cyc32,1,Cyc32,1,Cyc32,1,0
10,14,0.090625,2.06167,185.4473,17.9298,108,54,12,0,65.0,Cyc32,1,Cyc32,1,Cyc32,1,0
10,15,0.090625,2.15984,185.4473,18.7836,108,54,12,0,65.0,Cyc32,1,Cyc32,1,Cyc32,1,0
10,16,0.090625,2.25802,185.4473,19.6374,108,54,12,0,65.0,Cyc32,1,Cyc32,1,Cyc32,1,0
10,17,0.090625,2.35619,185.4473,20.4912,110,55,12,0,65.0,Cyc32,1,Cyc32,1,Cyc32,1,0
10,18,0.090625,2.45437,185.4473,21.3450,110,55,12,0,65.0,Cyc32,1,Cyc32,1,Cyc32,1,0
10,19,0.090625,2.55254,185.4473,22.1988,110,55,12,0,65.0,Cyc32,1,Cyc32,1,Cyc32,1,0
10,20,0.090625,2.65072,185.4473,23.0527,110,55,12,0,65.0,Cyc32,1,Cyc32,1,Cyc32,1,0
10,21,0.090625,2.74889,185.4473,23.9065,110,55,12,0,65.0,Cyc32,1,Cyc32,1,Cyc32,1,0
10,22,0.090625,2.84707,185.4473,24.7603,112,56,12,0,66.0,Cyc32,1,Cyc32,1,Cyc32,1,0
10,23,0.090625,2.94524,185.4473,25.6141,112,56,12,0,66.0,Cyc32,1,Cyc32,1,Cyc32,1,0
10,24,0.090625,3.04342,185.4473,26.4679,112,56,12,0,66.0,Cyc32,1,Cyc32,1,Cyc32,1,0
10,25,0.090625,3.14159,185.4473,27.3217,112,56,12,0,66.0,Cyc32,1,Cyc32,1,Cyc32,1,0
11,1,0.0979167,0.785398,200.3683,6.8304,86,43,12,0,64.0,Cyc11a,1,Cyc32,1,Cyc11a,1,0
11,2,0.0979167,0.883573,200.3683,7.6842,88,44,12,0,64.0,Cyc11a,1,Cyc32,1,Cyc11a,1,0
11,3,0.0979167,0.981748,200.3683,8.5380,88,44,12,0,64.0,Cyc11a,1,Cyc32,1,Cyc11a,1,0
11,4,0.0979167,1.07992,200.3683,9.3918,88,44,12,0,65.0,Cyc11a,1,Cyc32,1,Cyc11a,1,0
11,5,0.0979167,1.1781,200.3683,10.2456,90,45,12,0,65.0,Cyc11a,1,Cyc32,1,Cyc11a,1,0
11,6,0.0979167,1.27627,200.3683,11.0994,90,45,12,0,65.0,Cyc32,1,Cyc32,1,Cyc32,1,0
11,7,0.0979167,1.37445,200.3683,11.9532,100,50,12,0,65.0,Cyc32,1,Cyc32,1,Cyc32,1,0
11,8,0.0979167,1.47262,200.3683,12.8070,100,50,12,0,65.0,Cyc32,1,Cyc32,1,Cyc32,1,0
11,9,0.0979167,1.5708,200.3683,13.6608,106,53,12,0,65.0,Cyc32,1,Cyc32,1,Cyc32,1,0
11,10,0.0979167,1.66897,200.3683,14.5146,108,54,12,0,65.0,Cyc32,1,Cyc32,1,Cyc32,1,0
11,11,0.0979167,1.76715,200.3683,15.3684,108,54,12,0,66.0,Cyc32,1,Cyc32,1,Cyc32,1,0
11,12,0.0979167,1.86532,200.3683,16.2222,110,55,12,0,66.0,Cyc32,1,Cyc32,1,Cyc32,1,0
11,13,0.0979167,1.9635,200.3683,17.0760,110,55,12,0,66.0,Cyc32,1,Cyc32,1,Cyc32,1,0
11,14,0.0979167,2.06167,200.3683,17.9298,112,56,12,0,66.0,Cyc32,1,Cyc32,1,Cyc32,1,0
11,15,0.0979167,2.15984,200.3683,18.7836,112,56,12,0,66.0,Cyc32,1,Cyc32,1,Cyc32,1,0
11,16,0.0979167,2.25802,200.3683,19.6374,112,56,12,0,66.0,Cyc32,1,Cyc32,1,Cyc32,1,0
11,17,0.0979167,2.35619,200.3683,20.4912,112,56,12,0,66.0,Cyc32,1,Cyc32,1,Cyc32,1,0
11,18,0.0979167,2.45437,200.3683,21.3450,112,56,12,0,66.0,Cyc32,1,Cyc32,1,Cyc32,1,0
11,19,0.0979167,2.55254,200.3683,22.1988,112,56,12,0,66.0,Cyc32,1,Cyc32,1,Cyc32,1,0
11,20,0.0979167,2.65072,200.3683,23.0527,112,56,12,0,66.0,Cyc32,1,Cyc32,1,Cyc32,1,0
11,21,0.0979167,2.74889,200.3683,23.9065,112,56,12,0,66.0,Cyc32,1,Cyc32,1,Cyc32,1,0
11,22,0.0979167,2.84707,200.3683,24.7603,112,56,12,0,66.0,Cyc32,1,Cyc32,1,Cyc32,1,0
11,23,0.0979167,2.94524,200.3683,25.6141,112,56,12,0,66.0,Cyc32,1,Cyc32,1,Cyc32,1,0
11,24,0.0979167,3.04342,200.3683,26.4679,112,56,12,0,66.0,Cyc32,1,Cyc32,1,Cyc32,1,0
11,25,0.0979167,3.14159,200.3683,27.3217,112,56,12,0,66.0,Cyc32,1,Cyc32,1,Cyc32,1,0
12,1,0.105208,0.785398,215.2893,6.8304,90,45,12,0,64.0,Cyc11a,1,Cyc32,1,Cyc11a,1,0
12,2,0.105208,0.883573,215.2893,7.6842,92,46,12,0,64.0,Cyc11a,1,Cyc32,1,Cyc11a,1,0
12,3,0.105208,0.981748,215.2893,8.5380,92,46,12,0,65.0,Cyc11a,1,Cyc32,1,Cyc11a,1,0
12,4,0.105208,1.07992,215.2893,9.3918,92,46,12,0,65.0,Cyc11a,1,Cyc32,1,Cyc11a,1,0
12,5,0.105208,1.1781,215.2893,10.2456,94,47,12,0,65.0,Cyc11a,1,Cyc32,1,Cyc11a,1,0
12,6,0.105208,1.27627,215.2893,11.0994,100,50,12,0,65.0,Cyc32,1,Cyc32,1,Cyc32,1,0
12,7,0.105208,1.37445,215.2893,11.9532,102,51,12,0,65.0,Cyc32,1,Cyc32,1,Cyc32,1,0
12,8,0.105208,1.47262,215.2893,12.8070,104,52,12,0,65.0,Cyc32,1,Cyc32,1,Cyc32,1,0
12,9,0.105208,1.5708,215.2893,13.6608,108,54,12,0,66.0,Cyc32,1,Cyc32,1,Cyc32,1,0
12,10,0.105208,1.66897,215.2893,14.5146,110,55,12,0,66.0,Cyc32,1,Cyc32,1,Cyc32,1,0
12,11,0.105208,1.76715,215.2893,15.3684,110,55,12,0,66.0,Cyc32,1,Cyc32,1,Cyc32,1,0
12,12,0.105208,1.86532,215.2893,16.2222,110,55,12,0,66.0,Cyc32,1,Cyc32,1,Cyc32,1,0
12,13,0.105208,1.9635,215.2893,17.0760,112,56,12,0,66.0,Cyc32,1,Cyc32,1,Cyc32,1,0
12,14,0.105208,2.06167,215.2893,17.9298,112,56,12,0,66.0,Cyc32,1,Cyc32,1,Cyc32,1,0
12,15,0.105208,2.15984,215.2893,18.7836,112,56,12,0,66.0,Cyc32,1,Cyc32,1,Cyc32,1,0
12,16,0.105208,2.25802,215.2893,19.6374,112,56,12,0,66.0,Cyc32,1,Cyc32,1,Cyc32,1,0
12,17,0.105208,2.35619,215.2893,20.4912,112,56,12,0,66.0,Cyc32,1,Cyc32,1,Cyc32,1,0
12,18,0.105208,2.45437,215.2893,21.3450,112,56,12,0,66.0,Cyc32,1,Cyc32,1,Cyc32,1,0
12,19,0.105208,2.55254,215.2893,22.1988,112,56,12,0,66.0,Cyc32,1,Cyc32,1,Cyc32,1,0
12,20,0.105208,2.65072,215.2893,23.0527,112,56,12,0,66.0,Cyc32,1,Cyc32,1,Cyc32,1,0
12,21,0.105208,2.74889,215.2893,23.9065,112,56,12,0,66.0,Cyc32,1,Cyc32,1,Cyc32,1,0
12,22,0.105208,2.84707,215.2893,24.7603,112,56,12,0,66.0,Cyc32,1,Cyc32,1,Cyc32,1,0
12,23,0.105208,2.94524,215.2893,25.6141,112,56,12,0,66.0,Cyc32,1,Cyc32,1,Cyc32,1,0
12,24,0.105208,3.04342,215.2893,26.4679,112,56,12,0,66.0,Cyc32,1,Cyc32,1,Cyc32,1,0
12,25,0.105208,3.14159,215.2893,27.3217,112,56,12,0,66.0,Cyc32,1,Cyc32,1,Cyc32,1,0
13,1,0.1125,0.785398,230.2104,6.8304,92,46,12,0,64.0,Cyc11a,1,Cyc32,1,Cyc11a,1,0
13,2,0.1125,0.883573,230.2104,7.6842,94,47,12,0,65.0,Cyc11a,1,Cyc32,1,Cyc11a,1,0
13,3,0.1125,0.981748,230.2104,8.5380,94,47,12,0,65.0,Cyc11a,1,Cyc32,1,Cyc11a,1,0
13,4,0.1125,1.07992,230.2104,9.3918,96,48,12,0,65.0,Cyc11a,1,Cyc32,1,Cyc11a,1,0
13,5,0.1125,1.1781,230.2104,10.2456,98,49,12,0,65.0,Cyc11a,1,Cyc32,1,Cyc11a,1,0
13,6,0.1125,1.27627,230.2104,11.0994,102,51,12,0,65.0,Cyc32,1,Cyc32,1,Cyc32,1,0
13,7,0.1125,1.37445,230.2104,11.9532,104,52,12,0,65.0,Cyc32,1,Cyc32,1,Cyc32,1,0
13,8,0.1125,1.47262,230.2104,12.8070,106,53,12,0,66.0,Cyc32,1,Cyc32,1,Cyc32,1,0
13,9,0.1125,1.5708,230.2104,13.6608,110,55,12,0,66.0,Cyc32,1,Cyc32,1,Cyc32,1,0
13,10,0.1125,1.66897,230.2104,14.5146,110,55,12,0,66.0,Cyc32,1,Cyc32,1,Cyc32,1,0
13,11,0.1125,1.76715,230.2104,15.3684,110,55,12,0,66.0,Cyc32,1,Cyc32,1,Cyc32,1,0
13,12,0.1125,1.86532,230.2104,16.2222,112,56,12,0,66.0,Cyc32,1,Cyc32,1,Cyc32,1,0
13,13,0.1125,1.9635,230.2104,17.0760,112,56,12,0,66.0,Cyc32,1,Cyc32,1,Cyc32,1,0
13,14,0.1125,2.06167,230.2104,17.9298,112,56,12,0,66.0,Cyc32,1,Cyc32,1,Cyc32,1,0
13,15,0.1125,2.15984,230.2104,18.7836,112,56,12,0,66.0,Cyc32,1,Cyc32,1,Cyc32,1,0
13,16,0.1125,2.25802,230.2104,19.6374,112,56,12,0,66.0,Cyc32,1,Cyc32,1,Cyc32,1,0
13,17,0.1125,2.35619,230.2104,20.4912,114,57,13,1,68.0,Cyc32,1,Cyc32,1,Cyc32,1,1
13,18,0.1125,2.45437,230.2104,21.3450,114,57,13,1,68.0,Cyc32,1,Cyc32,1,Cyc32,1,1
13,19,0.1125,2.55254,230.2104,22.1988,114,57,13,1,68.0,Cyc32,1,Cyc32,1,Cyc32,1,1
13,20,0.1125,2.65072,230.2104,23.0527,114,57,13,1,68.0,Cyc32,1,Cyc32,1,Cyc32,1,1
13,21,0.1125,2.74889,230.2104,23.9065,114,57,13,1,68.0,Cyc32,1,Cyc32,1,Cyc32,1,1
13,22,0.1125,2.84707,230.2104,24.7603,114,57,13,1,68.0,Cyc32,1,Cyc32,1,Cyc32,1,1
13,23,0.1125,2.94524,230.2104,25.6141,114,57,13,1,68.0,Cyc32,1,Cyc32,1,Cyc32,1,1
13,24,0.1125,3.04342,230.2104,26.4679,114,57,13,1,68.0,Cyc32,1,Cyc32,1,Cyc32,1,1
13,25,0.1125,3.14159,230.2104,27.3217,114,57,13,1,68.0,Cyc32,1,Cyc32,1,Cyc32,1,1
14,1,0.119792,0.785398,245.1314,6.8304,98,49,12,0,65.0,Cyc11a,1,Cyc32,1,Cyc11a,1,0
14,2,0.119792,0.883573,245.1314,7.6842,98,49,12,0,65.0,Cyc11a,1,Cyc32,1,Cyc11a,1,0
14,3,0.119792,0.981748,245.1314,8.5380,100,50,12,0,65.0,Cyc11a,1,Cyc32,1,Cyc11a,1,0
14,4,0.119792,1.07992,245.1314,9.3918,100,50,12,0,65.0,Cyc11a,1,Cyc32,1,Cyc11a,1,0
14,5,0.119792,1.1781,245.1314,10.2456,104,52,12,0,65.0,Cyc11a,1,Cyc32,1,Cyc11a,1,0
14,6,0.119792,1.27627,245.1314,11.0994,104,52,12,0,65.0,Cyc32,1,Cyc32,1,Cyc32,1,0
14,7,0.119792,1.37445,245.1314,11.9532,110,55,13,1,68.0,Cyc32,1,Cyc32,1,Cyc32,1,1
14,8,0.119792,1.47262,245.1314,12.8070,110,55,13,1,72.0,Cyc32,1,Cyc32,1,Cyc32,1,1
14,9,0.119792,1.5708,245.1314,13.6608,116,58,13,1,73.0,Cyc32,1,Cyc32,1,Cyc32,1,0
14,10,0.119792,1.66897,245.1314,14.5146,116,58,13,1,74.0,Cyc32,1,Cyc32,1,Cyc32,1,0
14,11,0.119792,1.76715,245.1314,15.3684,116,58,13,1,74.0,Cyc32,1,Cyc32,1,Cyc32,1,0
14,12,0.119792,1.86532,245.1314,16.2222,116,58,13,1,74.0,Cyc32,1,Cyc32,1,Cyc32,1,0
14,13,0.119792,1.9635,245.1314,17.0760,116,58,13,1,75.0,Cyc32,1,Cyc32,1,Cyc32,1,0
14,14,0.119792,2.06167,245.1314,17.9298,116,58,13,1,75.0,Cyc32,1,Cyc32,1,Cyc32,1,0
14,15,0.119792,2.15984,245.1314,18.7836,116,58,13,1,75.0,Cyc32,1,Cyc32,1,Cyc32,1,0
14,16,0.119792,2.25802,245.1314,19.6374,116,58,13,1,75.0,Cyc32,1,Cyc32,1,Cyc32,1,0
14,17,0.119792,2.35619,245.1314,20.4912,116,58,13,1,75.0,Cyc32,1,Cyc32,1,Cyc32,1,0
14,18,0.119792,2.45437,245.1314,21.3450,116,58,13,1,75.0,Cyc32,1,Cyc32,1,Cyc32,1,0
14,19,0.119792,2.55254,245.1314,22.1988,116,58,13,1,75.0,Cyc32,1,Cyc32,1,Cyc32,1,0
14,20,0.119792,2.65072,245.1314,23.0527,116,58,13,1,75.0,Cyc32,1,Cyc32,1,Cyc32,1,0
14,21,0.119792,2.74889,245.1314,23.9065,116,58,13,1,75.0,Cyc32,1,Cyc32,1,Cyc32,1,0
14,22,0.119792,2.84707,245.1314,24.7603,116,58,13,1,75.0,Cyc32,1,Cyc32,1,Cyc32,1,0
14,23,0.119792,2.94524,245.1314,25.6141,116,58,13,1,75.0,Cyc32,1,Cyc32,1,Cyc32,1,0
14,24,0.119792,3.04342,245.1314,26.4679,116,58,13,1,75.0,Cyc32,1,Cyc32,1,Cyc32,1,0
14,25,0.119792,3.14159,245.1314,27.3217,116,58,13,1,75.0,Cyc32,1,Cyc32,1,Cyc32,1,0
15,1,0.127083,0.785398,260.0525,6.8304,100,50,12,0,65.0,Cyc11a,1,Cyc32,1,Cyc11a,1,0
15,2,0.127083,0.883573,260.0525,7.6842,104,52,12,0,65.0,Cyc11a,1,Cyc32,1,Cyc11a,1,0
15,3,0.127083,0.981748,260.0525,8.5380,104,52,12,0,65.0,Cyc11a,1,Cyc32,1,Cyc11a,1,0
15,4,0.127083,1.07992,260.0525,9.3918,106,53,13,1,66.0,Cyc11a,1,Cyc32,1,Cyc11a,1,1
15,5,0.127083,1.1781,260.0525,10.2456,112,56,13,1,73.0,Cyc11a,1,Cyc32,1,Cyc11a,1,0
15,6,0.127083,1.27627,260.0525,11.0994,114,57,13,1,74.0,Cyc32,1,Cyc32,1,Cyc32,1,0
15,7,0.127083,1.37445,260.0525,11.9532,116,58,13,1,75.0,Cyc32,1,Cyc32,1,Cyc32,1,0
15,8,0.127083,1.47262,260.0525,12.8070,116,58,13,1,76.0,Cyc32,1,Cyc32,1,Cyc32,1,0
15,9,0.127083,1.5708,260.0525,13.6608,118,59,13,1,76.0,Cyc32,1,Cyc32,1,Cyc32,1,0
15,10,0.127083,1.66897,260.0525,14.5146,118,59,13,1,76.0,Cyc32,1,Cyc32,1,Cyc32,1,0
15,11,0.127083,1.76715,260.0525,15.3684,118,59,13,1,76.0,Cyc32,1,Cyc32,1,Cyc32,1,0
15,12,0.127083,1.86532,260.0525,16.2222,118,59,13,1,76.0,Cyc32,1,Cyc32,1,Cyc32,1,0
15,13,0.127083,1.9635,260.0525,17.0760,118,59,13,1,76.0,Cyc32,1,Cyc32,1,Cyc32,1,0
15,14,0.127083,2.06167,260.0525,17.9298,118,59,13,1,76.0,Cyc32,1,Cyc32,1,Cyc32,1,0
15,15,0.127083,2.15984,260.0525,18.7836,118,59,13,1,76.0,Cyc32,1,Cyc32,1,Cyc32,1,0
15,16,0.127083,2.25802,260.0525,19.6374,118,59,13,1,76.0,Cyc32,1,Cyc32,1,Cyc32,1,0
15,17,0.127083,2.35619,260.0525,20.4912,118,59,13,1,76.0,Cyc32,1,Cyc32,1,Cyc32,1,0
15,18,0.127083,2.45437,260.0525,21.3450,118,59,13,1,76.0,Cyc32,1,Cyc32,1,Cyc32,1,0
15,19,0.127083,2.55254,260.0525,22.1988,118,59,13,1,76.0,Cyc32,1,Cyc32,1,Cyc32,1,0
15,20,0.127083,2.65072,260.0525,23.0527,118,59,13,1,76.0,Cyc32,1,Cyc32,1,Cyc32,1,0
15,21,0.127083,2.74889,260.0525,23.9065,118,59,13,1,76.0,Cyc32,1,Cyc32,1,Cyc32,1,0
15,22,0.127083,2.84707,260.0525,24.7603,118,59,13,1,76.0,Cyc32,1,Cyc32,1,Cyc32,1,0
15,23,0.127083,2.94524,260.0525,25.6141,118,59,13,1,76.0,Cyc32,1,Cyc32,1,Cyc32,1,0
15,24,0.127083,3.04342,260.0525,26.4679,118,59,13,1,76.0,Cyc32,1,Cyc32,1,Cyc32,1,0
15,25,0.127083,3.14159,260.0525,27.3217,118,59,13,1,76.0,Cyc32,1,Cyc32,1,Cyc32,1,0
16,1,0.134375,0.785398,274.9735,6.8304,104,52,12,0,65.0,Cyc11a,1,Cyc32,1,Cyc11a,1,0
16,2,0.134375,0.883573,274.9735,7.6842,106,53,12,0,65.0,Cyc11a,1,Cyc32,1,Cyc11a,1,0
16,3,0.134375,0.981748,274.9735,8.5380,110,55,13,1,73.0,Cyc11a,1,Cyc32,1,Cyc11a,1,0
16,4,0.134375,1.07992,274.9735,9.3918,116,58,13,1,75.0,Cyc11a,1,Cyc32,1,Cyc11a,1,0
16,5,0.134375,1.1781,274.9735,10.2456,116,58,13,1,75.0,Cyc11a,1,Cyc32,1,Cyc11a,1,0
16,6,0.134375,1.27627,274.9735,11.0994,118,59,13,1,76.0,Cyc32,1,Cyc32,1,Cyc32,1,0
16,7,0.134375,1.37445,274.9735,11.9532,118,59,13,1,76.0,Cyc32,1,Cyc32,1,Cyc32,1,0
16,8,0.134375,1.47262,274.9735,12.8070,118,59,13,1,76.0,Cyc32,1,Cyc32,1,Cyc32,1,0
16,9,0.134375,1.5708,274.9735,13.6608,120,60,13,1,76.0,Cyc32,1,Cyc32,1,Cyc32,1,0
16,10,0.134375,1.66897,274.9735,14.5146,120,60,13,1,76.0,Cyc32,1,Cyc32,1,Cyc32,1,0
16,11,0.134375,1.76715,274.9735,15.3684,120,60,13,1,76.0,Cyc32,1,Cyc32,1,Cyc32,1,0
16,12,0.134375,1.86532,274.9735,16.2222,120,60,13,1,76.0,Cyc32,1,Cyc32,1,Cyc32,1,0
16,13,0.134375,1.9635,274.9735,17.0760,120,60,13,1,77.0,Cyc32,1,Cyc32,1,Cyc32,1,0
16,14,0.134375,2.06167,274.9735,17.9298,120,60,13,1,77.0,Cyc32,1,Cyc32,1,Cyc32,1,0
16,15,0.134375,2.15984,274.9735,18.7836,120,60,13,1,77.0,Cyc32,1,Cyc32,1,Cyc32,1,0
16,16,0.134375,2.25802,274.9735,19.6374,120,60,13,1,77.0,Cyc32,1,Cyc32,1,Cyc32,1,0
16,17,0.134375,2.35619,274.9735,20.4912,120,60,13,1,77.0,Cyc32,1,Cyc32,1,Cyc32,1,0
16,18,0.134375,2.45437,274.9735,21.3450,120,60,13,1,77.0,Cyc32,1,Cyc32,1,Cyc32,1,0
16,19,0.134375,2.55254,274.9735,22.1988,120,60,13,1,77.0,Cyc32,1,Cyc32,1,Cyc32,1,0
16,20,0.134375,2.65072,274.9735,23.0527,122,61,13,1,77.0,Cyc32,1,Cyc32,1,Cyc32,1,0
16,21,0.134375,2.74889,274.9735,23.9065,122,61,13,1,77.0,Cyc32,1,Cyc32,1,Cyc32,1,0
16,22,0.134375,2.84707,274.9735,24.7603,124,62,13,1,77.0,Cyc32,1,Cyc32,1,Cyc32,1,0
16,23,0.134375,2.94524,274.9735,25.6141,124,62,13,1,77.0,Cyc32,1,Cyc32,1,Cyc32,1,0
16,24,0.134375,3.04342,274.9735,26.4679,124,62,13,1,77.0,Cyc32,1,Cyc32,1,Cyc32,1,0
16,25,0.134375,3.14159,274.9735,27.3217,124,62,13,1,77.0,Cyc32,1,Cyc32,1,Cyc32,1,0
17,1,0.141667,0.785398,289.8946,6.8304,108,54,12,0,65.0,Cyc11a,1,Cyc32,1,Cyc11a,1,0
17,2,0.141667,0.883573,289.8946,7.6842,112,56,13,1,73.0,Cyc11a,1,Cyc32,1,Cyc11a,1,0
17,3,0.141667,0.981748,289.8946,8.5380,114,57,13,1,75.0,Cyc11a,1,Cyc32,1,Cyc11a,1,0
17,4,0.141667,1.07992,289.8946,9.3918,118,59,13,1,75.0,Cyc11a,1,Cyc32,1,Cyc11a,1,0
17,5,0.141667,1.1781,289.8946,10.2456,120,60,13,1,76.0,Cyc11a,1,Cyc32,1,Cyc11a,1,0
17,6,0.141667,1.27627,289.8946,11.0994,120,60,13,1,76.0,Cyc32,1,Cyc32,1,Cyc32,1,0
17,7,0.141667,1.37445,289.8946,11.9532,120,60,13,1,76.0,Cyc32,1,Cyc32,1,Cyc32,1,0
17,8,0.141667,1.47262,289.8946,12.8070,122,61,13,1,76.0,Cyc32,1,Cyc32,1,Cyc32,1,0
17,9,0.141667,1.5708,289.8946,13.6608,122,61,13,1,76.0,Cyc32,1,Cyc32,1,Cyc32,1,0
17,10,0.141667,1.66897,289.8946,14.5146,122,61,13,1,76.0,Cyc32,1,Cyc32,1,Cyc32,1,0
17,11,0.141667,1.76715,289.8946,15.3684,122,61,13,1,76.0,Cyc32,1,Cyc32,1,Cyc32,1,0
17,12,0.141667,1.86532,289.8946,16.2222,122,61,13,1,77.0,Cyc32,1,Cyc32,1,Cyc32,1,0
17,13,0.141667,1.9635,289.8946,17.0760,122,61,13,1,77.0,Cyc32,1,Cyc32,1,Cyc32,1,0
17,14,0.141667,2.06167,289.8946,17.9298,122,61,13,1,77.0,Cyc32,1,Cyc32,1,Cyc32,1,0
17,15,0.141667,2.15984,289.8946,18.7836,122,61,13,1,77.0,Cyc32,1,Cyc32,1,Cyc32,1,0
17,16,0.141667,2.25802,289.8946,19.6374,122,61,13,1,77.0,Cyc32,1,Cyc32,1,Cyc32,1,0
17,17,0.141667,2.35619,289.8946,20.4912,122,61,13,1,77.0,Cyc32,1,Cyc32,1,Cyc32,1,0
17,18,0.141667,2.45437,289.8946,21.3450,122,61,13,1,77.0,Cyc32,1,Cyc32,1,Cyc32,1,0
17,19,0.141667,2.55254,289.8946,22.1988,122,61,13,1,77.0,Cyc32,1,Cyc32,1,Cyc32,1,0
17,20,0.141667,2.65072,289.8946,23.0527,122,61,13,1,77.0,Cyc32,1,Cyc32,1,Cyc32,1,0
17,21,0.141667,2.74889,289.8946,23.9065,122,61,13,1,77.0,Cyc32,1,Cyc32,1,Cyc32,1,0
17,22,0.141667,2.84707,289.8946,24.7603,124,62,13,1,77.0,Cyc32,1,Cyc32,1,Cyc32,1,0
17,23,0.141667,2.94524,289.8946,25.6141,124,62,13,1,77.0,Cyc32,1,Cyc32,1,Cyc32,1,0
17,24,0.141667,3.04342,289.8946,26.4679,124,62,13,1,77.0,Cyc32,1,Cyc32,1,Cyc32,1,0
17,25,0.141667,3.14159,289.8946,27.3217,126,63,13,1,77.0,Cyc32,1,Cyc32,1,Cyc32,1,0
18,1,0.148958,0.785398,304.8156,6.8304,112,56,13,1,68.0,Cyc11a,1,Cyc32,1,Cyc11a,1,1
18,2,0.148958,0.883573,304.8156,7.6842,116,58,13,1,75.0,Cyc11a,1,Cyc32,1,Cyc11a,1,0
18,3,0.148958,0.981748,304.8156,8.5380,116,58,13,1,76.0,Cyc11a,1,Cyc32,1,Cyc11a,1,0
18,4,0.148958,1.07992,304.8156,9.3918,118,59,13,1,76.0,Cyc11a,1,Cyc32,1,Cyc11a,1,0
18,5,0.148958,1.1781,304.8156,10.2456,120,60,13,1,76.0,Cyc11a,1,Cyc32,1,Cyc11a,1,0
18,6,0.148958,1.27627,304.8156,11.0994,120,60,13,1,76.0,Cyc32,1,Cyc32,1,Cyc32,1,0
18,7,0.148958,1.37445,304.8156,11.9532,120,60,13,1,76.0,Cyc32,1,Cyc32,1,Cyc32,1,0
18,8,0.148958,1.47262,304.8156,12.8070,122,61,13,1,76.0,Cyc32,1,Cyc32,1,Cyc32,1,0
18,9,0.148958,1.5708,304.8156,13.6608,122,61,13,1,76.0,Cyc32,1,Cyc32,1,Cyc32,1,0
18,10,0.148958,1.66897,304.8156,14.5146,122,61,13,1,77.0,Cyc32,1,Cyc32,1,Cyc32,1,0
18,11,0.148958,1.76715,304.8156,15.3684,122,61,13,1,77.0,Cyc32,1,Cyc32,1,Cyc32,1,0
18,12,0.148958,1.86532,304.8156,16.2222,122,61,13,1,77.0,Cyc32,1,Cyc32,1,Cyc32,1,0
18,13,0.148958,1.9635,304.8156,17.0760,122,61,13,1,77.0,Cyc32,1,Cyc32,1,Cyc32,1,0
18,14,0.148958,2.06167,304.8156,17.9298,122,61,13,1,77.0,Cyc32,1,Cyc32,1,Cyc32,1,0
18,15,0.148958,2.15984,304.8156,18.7836,122,61,13,1,77.0,Cyc32,1,Cyc32,1,Cyc32,1,0
18,16,0.148958,2.25802,304.8156,19.6374,122,61,13,1,77.0,Cyc32,1,Cyc32,1,Cyc32,1,0
18,17,0.148958,2.35619,304.8156,20.4912,122,61,13,1,77.0,Cyc32,1,Cyc32,1,Cyc32,1,0
18,18,0.148958,2.45437,304.8156,21.3450,122,61,13,1,77.0,Cyc32,1,Cyc32,1,Cyc32,1,0
18,19,0.148958,2.55254,304.8156,22.1988,122,61,13,1,77.0,Cyc32,1,Cyc32,1,Cyc32,1,0
18,20,0.148958,2.65072,304.8156,23.0527,124,62,13,1,77.0,Cyc32,1,Cyc32,1,Cyc32,1,0
18,21,0.148958,2.74889,304.8156,23.9065,124,62,13,1,77.0,Cyc32,1,Cyc32,1,Cyc32,1,0
18,22,0.148958,2.84707,304.8156,24.7603,126,63,13,1,77.0,Cyc32,1,Cyc32,1,Cyc32,1,0
18,23,0.148958,2.94524,304.8156,25.6141,132,66,13,1,77.0,Cyc32,1,Cyc32,1,Cyc32,1,0
18,24,0.148958,3.04342,304.8156,26.4679,132,66,13,1,77.0,Cyc32,1,Cyc32,1,Cyc32,1,0
18,25,0.148958,3.14159,304.8156,27.3217,132,66,13,1,77.0,Cyc32,1,Cyc32,1,Cyc32,1,0
19,1,0.15625,0.785398,319.7367,6.8304,114,57,13,1,74.0,Cyc11a,1,Cyc32,1,Cyc11a,1,0
19,2,0.15625,0.883573,319.7367,7.6842,116,58,13,1,75.0,Cyc11a,1,Cyc32,1,Cyc11a,1,0
19,3,0.15625,0.981748,319.7367,8.5380,116,58,13,1,76.0,Cyc11a,1,Cyc32,1,Cyc11a,1,0
19,4,0.15625,1.07992,319.7367,9.3918,118,59,13,1,76.0,Cyc11a,1,Cyc32,1,Cyc11a,1,0
19,5,0.15625,1.1781,319.7367,10.2456,120,60,13,1,76.0,Cyc11a,1,Cyc32,1,Cyc11a,1,0
19,6,0.15625,1.27627,319.7367,11.0994,120,60,13,1,76.0,Cyc32,1,Cyc32,1,Cyc32,1,0
19,7,0.15625,1.37445,319.7367,11.9532,122,61,13,1,76.0,Cyc32,1,Cyc32,1,Cyc32,1,0
19,8,0.15625,1.47262,319.7367,12.8070,122,61,13,1,77.0,Cyc32,1,Cyc32,1,Cyc32,1,0
19,9,0.15625,1.5708,319.7367,13.6608,122,61,13,1,77.0,Cyc32,1,Cyc32,1,Cyc32,1,0
19,10,0.15625,1.66897,319.7367,14.5146,122,61,13,1,77.0,Cyc32,1,Cyc32,1,Cyc32,1,0
19,11,0.15625,1.76715,319.7367,15.3684,122,61,13,1,77.0,Cyc32,1,Cyc32,1,Cyc32,1,0
19,12,0.15625,1.86532,319.7367,16.2222,122,61,13,1,77.0,Cyc32,1,Cyc32,1,Cyc32,1,0
19,13,0.15625,1.9635,319.7367,17.0760,122,61,13,1,77.0,Cyc32,1,Cyc32,1,Cyc32,1,0
19,14,0.15625,2.06167,319.7367,17.9298,122,61,13,1,77.0,Cyc32,1,Cyc32,1,Cyc32,1,0
19,15,0.15625,2.15984,319.7367,18.7836,122,61,13,1,77.0,Cyc32,1,Cyc32,1,Cyc32,1,0
19,16,0.15625,2.25802,319.7367,19.6374,122,61,13,1,77.0,Cyc32,1,Cyc32,1,Cyc32,1,0
19,17,0.15625,2.35619,319.7367,20.4912,122,61,13,1,77.0,Cyc32,1,Cyc32,1,Cyc32,1,0
19,18,0.15625,2.45437,319.7367,21.3450,122,61,13,1,77.0,Cyc32,1,Cyc32,1,Cyc32,1,0
19,19,0.15625,2.55254,319.7367,22.1988,126,63,13,1,77.0,Cyc32,1,Cyc32,1,Cyc32,1,0
19,20,0.15625,2.65072,319.7367,23.0527,134,67,13,1,77.0,Cyc32,1,Cyc32,1,Cyc32,1,0
19,21,0.15625,2.74889,319.7367,23.9065,134,67,13,1,77.0,Cyc32,1,Cyc32,1,Cyc32,1,0
19,22,0.15625,2.84707,319.7367,24.7603,134,67,13,1,77.0,Cyc32,1,Cyc32,1,Cyc32,1,0
19,23,0.15625,2.94524,319.7367,25.6141,134,67,13,1,77.0,Cyc32,1,Cyc32,1,Cyc32,1,0
19,24,0.15625,3.04342,319.7367,26.4679,134,67,13,1,77.0,Cyc32,1,Cyc32,1,Cyc32,1,0
19,25,0.15625,3.14159,319.7367,27.3217,136,68,13,1,77.0,Cyc32,1,Cyc32,1,Cyc32,1,0
20,1,0.163542,0.785398,334.6577,6.8304,118,59,13,1,75.0,Cyc11a,1,Cyc32,1,Cyc11a,1,0
20,2,0.163542,0.883573,334.6577,7.6842,118,59,13,1,76.0,Cyc11a,1,Cyc32,1,Cyc11a,1,0
20,3,0.163542,0.981748,334.6577,8.5380,120,60,13,1,76.0,Cyc11a,1,Cyc32,1,Cyc11a,1,0
20,4,0.163542,1.07992,334.6577,9.3918,120,60,13,1,76.0,Cyc11a,1,Cyc32,1,Cyc11a,1,0
20,5,0.163542,1.1781,334.6577,10.2456,122,61,13,1,76.0,Cyc11a,1,Cyc32,1,Cyc11a,1,0
20,6,0.163542,1.27627,334.6577,11.0994,122,61,13,1,76.0,Cyc32,1,Cyc32,1,Cyc32,1,0
20,7,0.163542,1.37445,334.6577,11.9532,124,62,13,1,76.0,Cyc32,1,Cyc32,1,Cyc32,1,0
20,8,0.163542,1.47262,334.6577,12.8070,124,62,13,1,77.0,Cyc32,1,Cyc32,1,Cyc32,1,0
20,9,0.163542,1.5708,334.6577,13.6608,124,62,13,1,77.0,Cyc32,1,Cyc32,1,Cyc32,1,0
20,10,0.163542,1.66897,334.6577,14.5146,124,62,13,1,77.0,Cyc32,1,Cyc32,1,Cyc32,1,0
20,11,0.163542,1.76715,334.6577,15.3684,124,62,13,1,77.0,Cyc32,1,Cyc32,1,Cyc32,1,0
20,12,0.163542,1.86532,334.6577,16.2222,124,62,13,1,77.0,Cyc32,1,Cyc32,1,Cyc32,1,0
20,13,0.163542,1.9635,334.6577,17.0760,126,63,13,1,77.0,Cyc32,1,Cyc32,1,Cyc32,1,0
20,14,0.163542,2.06167,334.6577,17.9298,126,63,13,1,77.0,Cyc32,1,Cyc32,1,Cyc32,1,0
20,15,0.163542,2.15984,334.6577,18.7836,126,63,13,1,77.0,Cyc32,1,Cyc32,1,Cyc32,1,0
20,16,0.163542,2.25802,334.6577,19.6374,126,63,13,1,77.0,Cyc32,1,Cyc32,1,Cyc32,1,0
20,17,0.163542,2.35619,334.6577,20.4912,126,63,13,1,77.0,Cyc32,1,Cyc32,1,Cyc32,1,0
20,18,0.163542,2.45437,334.6577,21.3450,126,63,13,1,77.0,Cyc32,1,Cyc32,1,Cyc32,1,0
20,19,0.163542,2.55254,334.6577,22.1988,134,67,13,1,77.0,Cyc32,1,Cyc32,1,Cyc32,1,0
20,20,0.163542,2.65072,334.6577,23.0527,136,68,13,1,77.0,Cyc32,1,Cyc32,1,Cyc32,1,0
20,21,0.163542,2.74889,334.6577,23.9065,136,68,13,1,77.0,Cyc32,1,Cyc32,1,Cyc32,1,0
20,22,0.163542,2.84707,334.6577,24.7603,136,68,13,1,77.0,Cyc32,1,Cyc32,1,Cyc32,1,0
20,23,0.163542,2.94524,334.6577,25.6141,138,69,13,1,77.0,Cyc32,1,Cyc32,1,Cyc32,1,0
20,24,0.163542,3.04342,334.6577,26.4679,138,69,13,1,77.0,Cyc32,1,Cyc32,1,Cyc32,1,0
20,25,0.163542,3.14159,334.6577,27.3217,140,70,13,1,77.0,Cyc32,1,Cyc32,1,Cyc32,1,0
21,1,0.170833,0.785398,349.5787,6.8304,118,59,13,1,75.0,Cyc11a,1,Cyc32,1,Cyc11a,1,0
21,2,0.170833,0.883573,349.5787,7.6842,118,59,13,1,76.0,Cyc11a,1,Cyc32,1,Cyc11a,1,0
21,3,0.170833,0.981748,349.5787,8.5380,120,60,13,1,76.0,Cyc11a,1,Cyc32,1,Cyc11a,1,0
21,4,0.170833,1.07992,349.5787,9.3918,122,61,13,1,76.0,Cyc11a,1,Cyc32,1,Cyc11a,1,0
21,5,0.170833,1.1781,349.5787,10.2456,122,61,13,1,76.0,Cyc11a,1,Cyc32,1,Cyc11a,1,0
21,6,0.170833,1.27627,349.5787,11.0994,122,61,13,1,76.0,Cyc32,1,Cyc32,1,Cyc32,1,0
21,7,0.170833,1.37445,349.5787,11.9532,124,62,13,1,77.0,Cyc32,1,Cyc32,1,Cyc32,1,0
21,8,0.170833,1.47262,349.5787,12.8070,124,62,13,1,77.0,Cyc32,1,Cyc32,1,Cyc32,1,0
21,9,0.170833,1.5708,349.5787,13.6608,124,62,13,1,77.0,Cyc32,1,Cyc32,1,Cyc32,1,0
21,10,0.170833,1.66897,349.5787,14.5146,124,62,13,1,77.0,Cyc32,1,Cyc32,1,Cyc32,1,0
21,11,0.170833,1.76715,349.5787,15.3684,128,64,13,1,77.0,Cyc32,1,Cyc32,1,Cyc32,1,0
21,12,0.170833,1.86532,349.5787,16.2222,128,64,13,1,77.0,Cyc32,1,Cyc32,1,Cyc32,1,0
21,13,0.170833,1.9635,349.5787,17.0760,128,64,13,1,77.0,Cyc32,1,Cyc32,1,Cyc32,1,0
21,14,0.170833,2.06167,349.5787,17.9298,128,64,13,1,77.0,Cyc32,1,Cyc32,1,Cyc32,1,0
21,15,0.170833,2.15984,349.5787,18.7836,128,64,13,1,77.0,Cyc32,1,Cyc32,1,Cyc32,1,0
21,16,0.170833,2.25802,349.5787,19.6374,128,64,13,1,77.0,Cyc32,1,Cyc32,1,Cyc32,1,0
21,17,0.170833,2.35619,349.5787,20.4912,128,64,13,1,78.0,Cyc32,1,Cyc32,1,Cyc32,1,0
21,18,0.170833,2.45437,349.5787,21.3450,132,66,13,1,78.0,Cyc32,1,Cyc32,1,Cyc32,1,0
21,19,0.170833,2.55254,349.5787,22.1988,138,69,13,1,78.0,Cyc32,1,Cyc32,1,Cyc32,1,0
21,20,0.170833,2.65072,349.5787,23.0527,138,69,13,1,78.0,Cyc32,1,Cyc32,1,Cyc32,1,0
21,21,0.170833,2.74889,349.5787,23.9065,138,69,13,1,78.0,Cyc32,1,Cyc32,1,Cyc32,1,0
21,22,0.170833,2.84707,349.5787,24.7603,140,70,13,1,78.0,Cyc32,1,Cyc32,1,Cyc32,1,0
21,23,0.170833,2.94524,349.5787,25.6141,140,70,13,1,78.0,Cyc32,1,Cyc32,1,Cyc32,1,0
21,24,0.170833,3.04342,349.5787,26.4679,140,70,13,1,78.0,Cyc32,1,Cyc32,1,Cyc32,1,0
21,25,0.170833,3.14159,349.5787,27.3217,140,70,13,1,78.0,Cyc32,1,Cyc32,1,Cyc32,1,0
22,1,0.178125,0.785398,364.4998,6.8304,118,59,13,1,76.0,Cyc11a,1,Cyc32,1,Cyc11a,1,0
22,2,0.178125,0.883573,364.4998,7.6842,120,60,13,1,76.0,Cyc11a,1,Cyc32,1,Cyc11a,1,0
22,3,0.178125,0.981748,364.4998,8.5380,122,61,13,1,76.0,Cyc11a,1,Cyc32,1,Cyc11a,1,0
22,4,0.178125,1.07992,364.4998,9.3918,124,62,13,1,76.0,Cyc11a,1,Cyc32,1,Cyc11a,1,0
22,5,0.178125,1.1781,364.4998,10.2456,124,62,13,1,77.0,Cyc11a,1,Cyc32,1,Cyc11a,1,0
22,6,0.178125,1.27627,364.4998,11.0994,126,63,13,1,77.0,Cyc32,1,Cyc32,1,Cyc32,1,0
22,7,0.178125,1.37445,364.4998,11.9532,126,63,13,1,77.0,Cyc32,1,Cyc32,1,Cyc32,1,0
22,8,0.178125,1.47262,364.4998,12.8070,126,63,13,1,77.0,Cyc32,1,Cyc32,1,Cyc32,1,0
22,9,0.178125,1.5708,364.4998,13.6608,126,63,13,1,77.0,Cyc32,1,Cyc32,1,Cyc32,1,0
22,10,0.178125,1.66897,364.4998,14.5146,128,64,13,1,77.0,Cyc32,1,Cyc32,1,Cyc32,1,0
22,11,0.178125,1.76715,364.4998,15.3684,128,64,13,1,77.0,Cyc32,1,Cyc32,1,Cyc32,1,0
22,12,0.178125,1.86532,364.4998,16.2222,128,64,13,1,77.0,Cyc32,1,Cyc32,1,Cyc32,1,0
22,13,0.178125,1.9635,364.4998,17.0760,128,64,13,1,78.0,Cyc32,1,Cyc32,1,Cyc32,1,0
22,14,0.178125,2.06167,364.4998,17.9298,128,64,13,1,78.0,Cyc32,1,Cyc32,1,Cyc32,1,0
22,15,0.178125,2.15984,364.4998,18.7836,130,65,13,1,78.0,Cyc32,1,Cyc32,1,Cyc32,1,0
22,16,0.178125,2.25802,364.4998,19.6374,132,66,13,1,78.0,Cyc32,1,Cyc32,1,Cyc32,1,0
22,17,0.178125,2.35619,364.4998,20.4912,132,66,13,1,78.0,Cyc32,1,Cyc32,1,Cyc32,1,0
22,18,0.178125,2.45437,364.4998,21.3450,138,69,13,1,78.0,Cyc32,1,Cyc32,1,Cyc32,1,0
22,19,0.178125,2.55254,364.4998,22.1988,140,70,13,1,78.0,Cyc32,1,Cyc32,1,Cyc32,1,0
22,20,0.178125,2.65072,364.4998,23.0527,140,70,13,1,78.0,Cyc32,1,Cyc32,1,Cyc32,1,0
22,21,0.178125,2.74889,364.4998,23.9065,140,70,13,1,78.0,Cyc32,1,Cyc32,1,Cyc32,1,0
22,22,0.178125,2.84707,364.4998,24.7603,142,71,13,1,78.0,Cyc32,1,Cyc32,1,Cyc32,1,0
22,23,0.178125,2.94524,364.4998,25.6141,142,71,13,1,78.0,Cyc32,1,Cyc32,1,Cyc32,1,0
22,24,0.178125,3.04342,364.4998,26.4679,142,71,13,1,78.0,Cyc32,1,Cyc32,1,Cyc32,1,0
22,25,0.178125,3.14159,364.4998,27.3217,142,71,13,1,78.0,Cyc32,1,Cyc32,1,Cyc32,1,0
23,1,0.185417,0.785398,379.4208,6.8304,118,59,13,1,76.0,Cyc11a,1,Cyc32,1,Cyc11a,1,0
23,2,0.185417,0.883573,379.4208,7.6842,120,60,13,1,76.0,Cyc11a,1,Cyc32,1,Cyc11a,1,0
23,3,0.185417,0.981748,379.4208,8.5380,122,61,13,1,76.0,Cyc11a,1,Cyc32,1,Cyc11a,1,0
23,4,0.185417,1.07992,379.4208,9.3918,124,62,13,1,77.0,Cyc11a,1,Cyc32,1,Cyc11a,1,0
23,5,0.185417,1.1781,379.4208,10.2456,124,62,13,1,77.0,Cyc11a,1,Cyc32,1,Cyc11a,1,0
23,6,0.185417,1.27627,379.4208,11.0994,126,63,13,1,77.0,Cyc32,1,Cyc32,1,Cyc32,1,0
23,7,0.185417,1.37445,379.4208,11.9532,126,63,13,1,77.0,Cyc32,1,Cyc32,1,Cyc32,1,0
23,8,0.185417,1.47262,379.4208,12.8070,126,63,13,1,77.0,Cyc32,1,Cyc32,1,Cyc32,1,0
23,9,0.185417,1.5708,379.4208,13.6608,128,64,13,1,78.0,Cyc32,1,Cyc32,1,Cyc32,1,0
23,10,0.185417,1.66897,379.4208,14.5146,128,64,13,1,78.0,Cyc32,1,Cyc32,1,Cyc32,1,0
23,11,0.185417,1.76715,379.4208,15.3684,128,64,13,1,78.0,Cyc32,1,Cyc32,1,Cyc32,1,0
23,12,0.185417,1.86532,379.4208,16.2222,128,64,13,1,78.0,Cyc32,1,Cyc32,1,Cyc32,1,0
23,13,0.185417,1.9635,379.4208,17.0760,130,65,13,1,78.0,Cyc32,1,Cyc32,1,Cyc32,1,0
23,14,0.185417,2.06167,379.4208,17.9298,130,65,13,1,78.0,Cyc32,1,Cyc32,1,Cyc32,1,0
23,15,0.185417,2.15984,379.4208,18.7836,130,65,13,1,78.0,Cyc32,1,Cyc32,1,Cyc32,1,0
23,16,0.185417,2.25802,379.4208,19.6374,132,66,13,1,78.0,Cyc32,1,Cyc32,1,Cyc32,1,0
23,17,0.185417,2.35619,379.4208,20.4912,132,66,13,1,78.0,Cyc32,1,Cyc32,1,Cyc32,1,0
23,18,0.185417,2.45437,379.4208,21.3450,140,70,13,1,78.0,Cyc32,1,Cyc32,1,Cyc32,1,0
23,19,0.185417,2.55254,379.4208,22.1988,140,70,13,1,78.0,Cyc32,1,Cyc32,1,Cyc32,1,0
23,20,0.185417,2.65072,379.4208,23.0527,140,70,13,1,78.0,Cyc32,1,Cyc32,1,Cyc32,1,0
23,21,0.185417,2.74889,379.4208,23.9065,142,71,13,1,78.0,Cyc32,1,Cyc32,1,Cyc32,1,0
23,22,0.185417,2.84707,379.4208,24.7603,142,71,13,1,78.0,Cyc32,1,Cyc32,1,Cyc32,1,0
23,23,0.185417,2.94524,379.4208,25.6141,142,71,13,1,78.0,Cyc32,1,Cyc32,1,Cyc32,1,0
23,24,0.185417,3.04342,379.4208,26.4679,142,71,13,1,78.0,Cyc32,1,Cyc32,1,Cyc32,1,0
23,25,0.185417,3.14159,379.4208,27.3217,144,72,13,1,78.0,Cyc32,1,Cyc32,1,Cyc32,1,0
24,1,0.192708,0.785398,394.3419,6.8304,122,61,13,1,76.0,Cyc11a,1,Cyc32,1,Cyc11a,1,0
24,2,0.192708,0.883573,394.3419,7.6842,122,61,13,1,76.0,Cyc11a,1,Cyc32,1,Cyc11a,1,0
24,3,0.192708,0.981748,394.3419,8.5380,124,62,13,1,77.0,Cyc11a,1,Cyc32,1,Cyc11a,1,0
24,4,0.192708,1.07992,394.3419,9.3918,126,63,13,1,77.0,Cyc11a,1,Cyc32,1,Cyc11a,1,0
24,5,0.192708,1.1781,394.3419,10.2456,126,63,13,1,77.0,Cyc11a,1,Cyc32,1,Cyc11a,1,0
24,6,0.192708,1.27627,394.3419,11.0994,130,65,13,1,78.0,Cyc32,1,Cyc32,1,Cyc32,1,0
24,7,0.192708,1.37445,394.3419,11.9532,130,65,13,1,78.0,Cyc32,1,Cyc32,1,Cyc32,1,0
24,8,0.192708,1.47262,394.3419,12.8070,130,65,13,1,78.0,Cyc32,1,Cyc32,1,Cyc32,1,0
24,9,0.192708,1.5708,394.3419,13.6608,130,65,13,1,78.0,Cyc32,1,Cyc32,1,Cyc32,1,0
24,10,0.192708,1.66897,394.3419,14.5146,130,65,13,1,78.0,Cyc32,1,Cyc32,1,Cyc32,1,0
24,11,0.192708,1.76715,394.3419,15.3684,130,65,13,1,78.0,Cyc32,1,Cyc32,1,Cyc32,1,0
24,12,0.192708,1.86532,394.3419,16.2222,130,65,13,1,78.0,Cyc32,1,Cyc32,1,Cyc32,1,0
24,13,0.192708,1.9635,394.3419,17.0760,132,66,13,1,78.0,Cyc32,1,Cyc32,1,Cyc32,1,0
24,14,0.192708,2.06167,394.3419,17.9298,132,66,13,1,78.0,Cyc32,1,Cyc32,1,Cyc32,1,0
24,15,0.192708,2.15984,394.3419,18.7836,132,66,13,1,78.0,Cyc32,1,Cyc32,1,Cyc32,1,0
24,16,0.192708,2.25802,394.3419,19.6374,134,67,13,1,78.0,Cyc32,1,Cyc32,1,Cyc32,1,0
24,17,0.192708,2.35619,394.3419,20.4912,138,69,13,1,78.0,Cyc32,1,Cyc32,1,Cyc32,1,0
24,18,0.192708,2.45437,394.3419,21.3450,142,71,13,1,78.0,Cyc32,1,Cyc32,1,Cyc32,1,0
24,19,0.192708,2.55254,394.3419,22.1988,142,71,13,1,78.0,Cyc32,1,Cyc32,1,Cyc32,1,0
24,20,0.192708,2.65072,394.3419,23.0527,142,71,13,1,78.0,Cyc32,1,Cyc32,1,Cyc32,1,0
24,21,0.192708,2.74889,394.3419,23.9065,144,72,13,1,78.0,Cyc32,1,Cyc32,1,Cyc32,1,0
24,22,0.192708,2.84707,394.3419,24.7603,144,72,13,1,78.0,Cyc32,1,Cyc32,1,Cyc32,1,0
24,23,0.192708,2.94524,394.3419,25.6141,144,72,13,1,78.0,Cyc32,1,Cyc32,1,Cyc32,1,0
24,24,0.192708,3.04342,394.3419,26.4679,144,72,13,1,78.0,Cyc32,1,Cyc32,1,Cyc32,1,0
24,25,0.192708,3.14159,394.3419,27.3217,148,74,13,1,78.0,Cyc32,1,Cyc32,1,Cyc32,1,0
25,1,0.2,0.785398,409.2629,6.8304,122,61,13,1,76.0,Cyc11a,1,Cyc32,1,Cyc11a,1,0
25,2,0.2,0.883573,409.2629,7.6842,124,62,13,1,77.0,Cyc11a,1,Cyc32,1,Cyc11a,1,0
25,3,0.2,0.981748,409.2629,8.5380,128,64,13,1,78.0,Cyc11a,1,Cyc32,1,Cyc11a,1,0
25,4,0.2,1.07992,409.2629,9.3918,128,64,13,1,78.0,Cyc11a,1,Cyc32,1,Cyc11a,1,0
25,5,0.2,1.1781,409.2629,10.2456,128,64,13,1,78.0,Cyc11a,1,Cyc32,1,Cyc11a,1,0
25,6,0.2,1.27627,409.2629,11.0994,132,66,13,1,78.0,Cyc32,1,Cyc32,1,Cyc32,1,0
25,7,0.2,1.37445,409.2629,11.9532,132,66,13,1,78.0,Cyc32,1,Cyc32,1,Cyc32,1,0
25,8,0.2,1.47262,409.2629,12.8070,132,66,13,1,78.0,Cyc32,1,Cyc32,1,Cyc32,1,0
25,9,0.2,1.5708,409.2629,13.6608,132,66,13,1,78.0,Cyc32,1,Cyc32,1,Cyc32,1,0
25,10,0.2,1.66897,409.2629,14.5146,132,66,13,1,78.0,Cyc32,1,Cyc32,1,Cyc32,1,0
25,11,0.2,1.76715,409.2629,15.3684,134,67,13,1,78.0,Cyc32,1,Cyc32,1,Cyc32,1,0
25,12,0.2,1.86532,409.2629,16.2222,136,68,13,1,78.0,Cyc32,1,Cyc32,1,Cyc32,1,0
25,13,0.2,1.9635,409.2629,17.0760,136,68,13,1,78.0,Cyc32,1,Cyc32,1,Cyc32,1,0
25,14,0.2,2.06167,409.2629,17.9298,136,68,13,1,78.0,Cyc32,1,Cyc32,1,Cyc32,1,0
25,15,0.2,2.15984,409.2629,18.7836,136,68,13,1,78.0,Cyc32,1,Cyc32,1,Cyc32,1,0
25,16,0.2,2.25802,409.2629,19.6374,136,68,13,1,78.0,Cyc32,1,Cyc32,1,Cyc32,1,0
25,17,0.2,2.35619,409.2629,20.4912,142,71,13,1,78.0,Cyc32,1,Cyc32,1,Cyc32,1,0
25,18,0.2,2.45437,409.2629,21.3450,144,72,13,1,78.0,Cyc32,1,Cyc32,1,Cyc32,1,0
25,19,0.2,2.55254,409.2629,22.1988,144,72,13,1,78.0,Cyc32,1,Cyc32,1,Cyc32,1,0
25,20,0.2,2.65072,409.2629,23.0527,146,73,13,1,78.0,Cyc32,1,Cyc32,1,Cyc32,1,0
25,21,0.2,2.74889,409.2629,23.9065,146,73,13,1,78.0,Cyc32,1,Cyc32,1,Cyc32,1,0
25,22,0.2,2.84707,409.2629,24.7603,146,73,13,1,78.0,Cyc32,1,Cyc32,1,Cyc32,1,0
25,23,0.2,2.94524,409.2629,25.6141,146,73,13,1,78.0,Cyc32,1,Cyc32,1,Cyc32,1,0
25,24,0.2,3.04342,409.2629,26.4679,150,75,13,1,78.0,Cyc32,1,Cyc32,1,Cyc32,1,0
25,25,0.2,3.14159,409.2629,27.3217,150,75,13,1,78.0,Cyc32,1,Cyc32,1,Cyc32,1,0
